crop,location,demand_kg,modal_price,previous_demand,month,quantity_kg,production_cost_per_kg,selling_price_per_kg,transport_cost,other_cost,profit
Apple,Guntur,5.0,120.0,6.0,4,1226,82.67554752696839,106.40243495678793,2015.3202006000924,517.7951105625409,26556.048677796134
Apple,Guntur,5.0,120.0,6.0,4,221,59.6158027321033,103.39400669203678,2205.5875207048575,520.7805082202462,6948.615046220197
Apple,Guntur,5.0,120.0,6.0,4,1787,77.4319850261587,103.3538778966504,1888.3972989870144,756.9868963110251,43677.038364270615
Apple,Guntur,5.0,120.0,6.0,4,485,60.54569881945562,106.4017082364824,969.332934510983,467.32950214256647,20803.502130604444
Apple,Guntur,5.0,120.0,6.0,4,847,54.83024730149097,114.59459184620134,1179.694137773562,132.66596424953082,49308.03972734659
Apple,Guntur,5.0,120.0,6.0,4,799,67.1890263585729,112.94567962120887,2027.3871150646298,239.7716475108518,34292.40719427065
Apple,Guntur,5.0,120.0,6.0,4,1690,89.39631188904437,113.20230943795151,2191.868894819905,576.2152770114458,37464.05168582173
Apple,Guntur,5.0,120.0,6.0,4,940,56.34185734747006,124.77325289408002,2424.3904727640306,665.8781436815228,61235.2431973678
Apple,Guntur,5.0,120.0,6.0,4,876,54.57478507992771,107.54145181493158,830.2560252572258,578.2844631778207,44990.25957142833
Apple,Guntur,5.0,120.0,6.0,4,1551,71.82636876400574,102.82532450676524,2300.504884573321,281.14598712001185,45497.72948532665
Apple,Guntur,5.0,120.0,6.0,4,1995,81.1930107714355,112.20374098778987,757.4716583100154,497.39022947399405,60611.544893842976
Apple,Guntur,5.0,120.0,6.0,4,1600,88.9050465995241,120.60318776066676,2366.897671441216,726.3791452993541,47623.74904108766
Apple,Guntur,5.0,120.0,6.0,4,369,80.18179185083116,109.83697845134004,1554.9767436918787,464.5839820180766,8923.203129877824
Apple,Guntur,5.0,120.0,6.0,4,1825,65.71189190747752,111.32825495254757,896.967869902571,680.1162564063505,81672.77843094392
Apple,Guntur,5.0,120.0,6.0,4,316,64.11364234874571,115.02470599579797,610.0332949444778,661.5378865278278,14816.324930996205
Apple,Guntur,5.0,120.0,6.0,4,164,54.56291064268298,112.16163553695287,1168.7393399862535,305.44172230262666,7972.009820371384
Apple,Guntur,5.0,120.0,6.0,4,1186,83.35661142437402,118.96457625234281,1903.8157696901721,639.889242680162,39687.34127360064
Apple,Guntur,5.0,120.0,6.0,4,1896,87.34683162648057,117.62584861204667,2312.9112861963176,695.0270044528595,54401.07791398413
Apple,Guntur,5.0,120.0,6.0,4,879,65.91232889469538,103.52540040686456,984.1611077744568,327.62832541872297,31750.100426003533
Apple,Guntur,5.0,120.0,6.0,4,198,75.28672035747817,108.59332303176154,1534.7355368649426,368.0488123276529,4691.922980315514
Apple,Guntur,5.0,120.0,6.0,4,1585,84.56089767357902,119.32150850795696,819.1668234477027,279.2478259329268,53997.1535231084
Apple,Guntur,5.0,120.0,6.0,4,894,72.81838185775179,112.2609844406052,355.9220788370094,175.52399889531313,34730.24063133862
Apple,Guntur,5.0,120.0,6.0,4,1698,86.2474894442467,113.40888535637067,1539.206258348044,586.8612604982893,43993.98273994017
Apple,Guntur,5.0,120.0,6.0,4,584,62.9745202493595,111.84919015285512,1962.212504794707,260.1587158441357,26320.436003002607
Apple,Guntur,5.0,120.0,6.0,4,1283,75.55915679358729,118.67483839295292,2237.029245833567,537.0478336936553,52543.34241245889
Apple,Guntur,4.0,120.0,5.0,6,1697,76.80253523437524,122.91505416450522,2068.078569178052,230.59904122022508,75954.26701403229
Apple,Guntur,4.0,120.0,5.0,6,1921,85.79808932107926,109.78428050412657,568.5935003414813,349.4084866538824,45159.4712756385
Apple,Guntur,4.0,120.0,5.0,6,289,57.96186928299636,107.4704439010066,1239.637134977764,672.6103361457452,12395.73059348145
Apple,Guntur,4.0,120.0,5.0,6,1868,64.97212529368905,105.9517404754306,1474.9967226259723,439.3809799512882,74635.54345691594
Apple,Guntur,4.0,120.0,5.0,6,1348,58.31515322401258,110.10276411368707,2374.4013486075423,326.24205241452864,67109.05607825915
Apple,Guntur,4.0,120.0,5.0,6,1731,74.09167207262428,111.69206810539299,442.76294363975944,277.7407897540413,64365.78179932883
Apple,Guntur,4.0,120.0,5.0,6,1391,63.06416264971311,113.93396414141725,961.9322815968933,299.38834606422733,69498.57324729934
Apple,Guntur,4.0,120.0,5.0,6,1204,63.604116513910256,125.43875893998369,1204.2814293001088,123.13551303038386,73121.4925386619
Apple,Guntur,4.0,120.0,5.0,6,1859,86.69757189479952,107.74948537600734,618.7687186006908,442.6169321942941,38074.12151077035
Apple,Guntur,4.0,120.0,5.0,6,1795,73.9041512065678,116.22472137310545,477.87731793197355,358.7581192429831,75128.78801176013
Apple,Guntur,4.0,120.0,5.0,6,500,80.21578855002694,110.82679518526207,1691.0728273058749,543.4707975326263,13070.959692779063
Apple,Guntur,4.0,120.0,5.0,6,1634,57.2504317219587,122.0472598941417,1005.7161429378189,230.56295727989797,104641.73813312933
Apple,Guntur,4.0,120.0,5.0,6,1472,84.90091697329392,109.82301372484523,784.5303046442062,597.8046727066125,35302.9914409327
Apple,Guntur,4.0,120.0,5.0,6,1634,62.153847907125765,117.4841469698268,683.6061438109812,583.6564166717262,89142.44610797078
Apple,Guntur,4.0,120.0,5.0,6,1763,72.63904861898928,122.10504254177587,1786.5182574864175,614.6512834685404,84807.3777449178
Apple,Guntur,4.0,120.0,5.0,6,250,73.49212705779237,118.69882558428198,802.8100479540592,222.46844896715533,10276.396134701186
Apple,Guntur,4.0,120.0,5.0,6,723,73.98722921758065,114.71161388054416,832.0750399809937,165.17193746412943,28446.483133877497
Apple,Guntur,4.0,120.0,5.0,6,1775,74.09856432985552,123.18327223654416,715.1556383510347,295.2099468145273,86114.99094920675
Apple,Guntur,4.0,120.0,5.0,6,1782,80.13440443932862,123.53064623886186,2251.590133383258,645.9128821003367,74434.59987128468
Apple,Guntur,4.0,120.0,5.0,6,727,57.02903873982176,105.87908913827073,2276.8192147595746,524.5003417617129,32712.667083151115
Apple,Guntur,4.0,120.0,5.0,6,1350,67.40217959622275,124.56320261898668,2442.060440861698,298.744682316226,74426.57595755339
Apple,Guntur,4.0,120.0,5.0,6,977,73.75441641719709,118.60548474462465,1734.3147709057212,256.98851662239184,41828.1904683686
Apple,Guntur,4.0,120.0,5.0,6,260,54.65071309015875,113.85344916440243,693.4099602869234,356.52814920800193,14342.773269808433
Apple,Guntur,4.0,120.0,5.0,6,1515,84.5720427777904,117.78270941520825,1550.2789273380376,165.57233747966472,48598.308690870326
Apple,Guntur,4.0,120.0,5.0,6,569,63.547285236542116,107.85575144109801,2440.6232204553803,375.1684072667323,22395.725642670186
Apple,Guntur,8.0,120.0,4.0,8,537,86.61955635786794,112.4254647722503,1070.1724969282864,551.5723534213954,12236.027968173643
Apple,Guntur,8.0,120.0,4.0,8,978,71.7306369774791,106.68583170715306,1889.3946535753116,296.54065370859905,32000.245138337224
Apple,Guntur,8.0,120.0,4.0,8,646,81.66794451502713,103.0464905221064,2488.01112375415,428.96115979366004,10893.568437025388
Apple,Guntur,8.0,120.0,4.0,8,1169,86.93511804793614,110.88380880613067,334.00455636350836,749.8229938114077,26912.19194615449
Apple,Guntur,8.0,120.0,4.0,8,596,73.89953880607763,115.73501926010013,2456.7294841753005,152.74237920428976,22324.47448721782
Apple,Guntur,8.0,120.0,4.0,8,352,67.86351822966931,122.42728011640457,997.2284113438109,218.64492268026476,17990.57085010674
Apple,Guntur,8.0,120.0,4.0,8,1916,68.208892805141,122.26111537743148,2346.03703658383,149.29129159468073,101068.73012033003
Apple,Guntur,8.0,120.0,4.0,8,725,76.14026016117012,125.76129240250233,608.1848335203529,462.8307566546157,34904.23278479089
Apple,Guntur,8.0,120.0,4.0,8,1509,65.61182751258961,122.3680750781922,600.5669291724635,596.237697837083,84448.37294948475
Apple,Guntur,8.0,120.0,4.0,8,1162,64.56930639352176,121.42466773148432,2082.249468294198,706.9506230060725,63276.72978341223
Apple,Guntur,8.0,120.0,4.0,8,624,56.93739049440865,102.12443670657568,1681.3677128869992,235.99176745842956,26279.3573560468
Apple,Guntur,8.0,120.0,4.0,8,1899,79.27080758127732,121.09902406646643,2258.011751998646,336.5966097960751,76837.17474357938
Apple,Guntur,8.0,120.0,4.0,8,1215,74.83913623827212,112.52337895243409,1778.4574976494387,329.70686723231233,43678.19053282504
Apple,Guntur,8.0,120.0,4.0,8,1821,73.53520684947276,108.87699005107882,1599.8331732518236,121.3501749573346,62636.20386191551
Apple,Guntur,8.0,120.0,4.0,8,1815,55.39805043945923,109.27837235215735,1481.581339832642,328.65586925722863,95982.54706245719
Apple,Guntur,8.0,120.0,4.0,8,363,81.71976791155,107.17970465992423,1670.3590468018006,159.7432254956376,7411.854767362409
Apple,Guntur,8.0,120.0,4.0,8,976,60.99768122381543,111.87249372136029,1838.9268636878264,196.84716469246095,47618.04296922349
Apple,Guntur,8.0,120.0,4.0,8,755,89.13067486065125,114.3912083592287,1010.5042404707411,656.6303363380925,17404.56821461716
Apple,Guntur,8.0,120.0,4.0,8,930,69.60674655290671,119.85702343197877,851.8931601626547,229.03357203195904,45651.8307653424
Apple,Guntur,8.0,120.0,4.0,8,1953,84.09528433843941,118.70338094624876,1199.6964777113938,221.30602404959205,66168.61017329065
Apple,Guntur,8.0,120.0,4.0,8,612,69.92468027031975,107.75489661977768,506.5212381788418,228.00619797511513,22417.564969714294
Apple,Guntur,8.0,120.0,4.0,8,1360,64.07762029005394,124.91676673591667,1923.3732167306907,488.04783675798046,80329.81811288465
Apple,Guntur,8.0,120.0,4.0,8,889,80.28141539622547,103.14518706459957,1545.2818630869679,211.05251334974372,18569.558636747854
Apple,Guntur,8.0,120.0,4.0,8,1209,54.51816559067121,104.78574337216598,401.20581244785603,128.5101616232791,60243.78556375604
Apple,Guntur,8.0,120.0,4.0,8,1873,89.2623790303743,106.20792647734412,337.7544240298505,634.3550961027377,30766.90084804184
Apple,Guntur,4.0,120.0,8.0,8,440,71.04498374810036,106.15684487784036,1254.4736283235407,378.9533140781614,13815.791954683897
Apple,Guntur,4.0,120.0,8.0,8,621,88.16924633728989,123.28032929515315,873.9659713517707,110.71317820326932,20819.303367278044
Apple,Guntur,4.0,120.0,8.0,8,1782,72.11290530888316,122.55575618851972,1749.125989561679,214.05409895700078,87925.98017899366
Apple,Guntur,4.0,120.0,8.0,8,891,87.98009776418726,124.66203833100403,2207.837653821008,545.4825182122079,29930.288873000507
Apple,Guntur,4.0,120.0,8.0,8,951,74.71707040353164,111.31607822895653,1715.234080573177,420.77702334406166,32669.64533806182
Apple,Guntur,4.0,120.0,8.0,8,790,83.54302112678239,117.02255208243774,2104.9390562967897,556.0393403004516,23787.851058370492
Apple,Guntur,4.0,120.0,8.0,8,1166,61.04848085241467,103.66467122100397,521.7116030303387,112.75527795608481,49056.01108878871
Apple,Guntur,4.0,120.0,8.0,8,598,76.25713983616414,110.07730115732944,1742.5897978376327,369.7776346758955,18112.089037543315
Apple,Guntur,4.0,120.0,8.0,8,1069,54.83778968648973,121.54724358213447,920.0805045014798,182.71537933515938,70209.6103306076
Apple,Guntur,4.0,120.0,8.0,8,1624,66.5401177603151,124.47955564453697,386.20991868642176,392.5622222009051,93314.87498308899
Apple,Guntur,4.0,120.0,8.0,8,1120,64.15324461256704,106.25854905071334,1951.3524536098882,664.7843174870848,44541.8041996269
Apple,Guntur,4.0,120.0,8.0,8,1812,80.33931919078705,105.06455350613916,850.0361882754303,506.3808086407369,43445.70758250187
Apple,Guntur,4.0,120.0,8.0,8,762,87.50726372172832,122.6019060442323,1243.7868602250405,625.6097474540481,24872.720842068942
Apple,Guntur,4.0,120.0,8.0,8,316,62.57650148654326,111.06549326823108,1475.5204417672396,447.5928334781544,13399.408127767958
Apple,Guntur,4.0,120.0,8.0,8,828,65.52178563710203,123.49255748390881,1156.2436932151588,107.58635603620885,46735.96903990465
Apple,Guntur,4.0,120.0,8.0,8,1356,84.49715318744123,110.5177245711053,2404.9619472782038,573.7389330970123,32305.19391587327
Apple,Guntur,4.0,120.0,8.0,8,1687,74.64376397243831,117.16409309207519,1286.5801483523035,305.2475401886452,70139.96753628645
Apple,Guntur,4.0,120.0,8.0,8,1148,73.93330988444883,107.10546948058149,2381.6279943397185,646.9072353298418,35053.10398669072
Apple,Guntur,4.0,120.0,8.0,8,1162,57.283419709752856,113.86608731286195,426.6292720366174,484.6702176266149,64837.760265149525
Apple,Guntur,4.0,120.0,8.0,8,1256,80.53328004447631,115.10197848395974,1852.829264533128,778.0563607818945,40787.39961467618
Apple,Guntur,4.0,120.0,8.0,8,1132,81.414382741829,116.83723351959027,522.4698874701385,158.8747642804982,39417.32242867512
Apple,Guntur,4.0,120.0,8.0,8,1776,62.0127510325571,111.51963844690205,2262.173199308909,202.62337518441785,85459.43547338333
Apple,Guntur,4.0,120.0,8.0,8,128,57.054157707066906,125.67934988402821,1123.3957506634647,359.44950294682366,7301.179345040759
Apple,Guntur,4.0,120.0,8.0,8,599,62.520666972554835,123.7846489523651,1602.1552254068256,345.1527726902195,34749.817207809305
Apple,Guntur,4.0,120.0,8.0,8,1375,57.00602580115208,120.65152598225849,1528.489349418771,396.9554064728834,85587.11799312965
Apple,Guntur,5.0,120.0,4.0,9,1981,65.88909104468755,112.42684426771852,858.1007825209052,383.641460746992,90949.54689155647
Apple,Guntur,5.0,120.0,4.0,9,1761,56.02691792454615,104.85162999043372,558.5577429096307,554.4472114812445,84867.31299363716
Apple,Guntur,5.0,120.0,4.0,9,1124,78.51741937548873,107.70015531101929,1180.4903643184548,434.40042361615934,31186.50440360175
Apple,Guntur,5.0,120.0,4.0,9,1532,85.26956861482057,107.36630012446686,2419.089586769345,108.50813228287144,31324.5949537259
Apple,Guntur,5.0,120.0,4.0,9,771,74.01618139113305,109.744473318662,395.48172325598006,747.2503311565172,26403.781021712326
Apple,Guntur,5.0,120.0,4.0,9,863,56.65667633047436,115.2925028256317,2432.465578362018,466.16849091910416,47704.084196039665
Apple,Guntur,5.0,120.0,4.0,9,1356,61.80512783711369,109.06785472414631,2490.8290250646155,587.8475391046704,61009.58109464696
Apple,Guntur,5.0,120.0,4.0,9,1382,86.4416883776756,103.09071312819499,918.1190171029067,765.2880388535912,21325.545149261307
Apple,Guntur,5.0,120.0,4.0,9,1067,68.20278474989267,104.56214558246123,1038.452142553319,218.77593272689586,37538.20993307042
Apple,Guntur,5.0,120.0,4.0,9,775,70.69314257783935,110.48045347262527,1584.0434460719187,154.41424587548937,29096.708251511678
Apple,Guntur,5.0,120.0,4.0,9,140,63.35819506275345,112.87778032389195,371.09509244123103,295.834455018262,6265.812389099896
Apple,Guntur,5.0,120.0,4.0,9,1847,75.70014775283875,108.50298342036312,593.0072754922494,153.34026571941422,59840.48993670585
Apple,Guntur,5.0,120.0,4.0,9,489,88.19279687850926,119.41726820132064,1649.5134310587378,392.7701254034332,13226.482920392598
Apple,Guntur,5.0,120.0,4.0,9,923,85.55981349332853,115.23810894105769,662.6353745014021,387.8785816097583,26342.552742142856
Apple,Guntur,5.0,120.0,4.0,9,473,83.17991990814599,125.69462710355867,630.9171604277619,515.8915007464946,18962.647842255938
Apple,Guntur,5.0,120.0,4.0,9,162,68.14762016323893,121.89994129695636,1551.9792321646448,144.45828071300093,7011.438510784577
Apple,Guntur,5.0,120.0,4.0,9,204,68.93350208415595,108.56176972633695,424.02609263203965,705.3056633785372,6954.834842994347
Apple,Guntur,5.0,120.0,4.0,9,808,89.98983623830071,125.91928408977374,1521.9497523257803,638.2911906263573,26870.752921038074
Apple,Guntur,5.0,120.0,4.0,9,776,81.25492327352842,111.06841318261888,830.3866311251901,243.53172995456742,22061.34980837444
Apple,Guntur,5.0,120.0,4.0,9,100,88.34583698131401,116.54819122682112,803.0141721076179,570.1904790840997,1447.0307733589925
Apple,Guntur,5.0,120.0,4.0,9,1923,55.68827284048392,108.44813956860737,348.8064324666636,448.71563065212507,100659.70165506263
Apple,Guntur,5.0,120.0,4.0,9,537,81.80346210248302,114.48392402668784,2174.799300700788,486.3347871421399,14888.273965455053
Apple,Guntur,5.0,120.0,4.0,9,488,57.182696041163275,121.0036281472712,1597.9029737027993,436.0321769129326,29110.679717164934
Apple,Guntur,5.0,120.0,4.0,9,1018,81.18494120425028,116.88742923248316,1848.9754898182919,249.0749130562375,34247.08240986655
Apple,Guntur,5.0,120.0,4.0,9,1545,76.22149363550251,125.53110540221708,1637.7932689921474,545.6510251355978,73999.90588544628
Brinjal,Rajahmundry,10.0,36.0,10.0,4,1458,20.924729157856273,37.10994260035499,1066.1620274512607,459.7926424118676,22072.086529300006
Brinjal,Rajahmundry,10.0,36.0,10.0,4,1083,26.03308980675535,32.74530805110204,1451.9250072330246,588.3493100454243,5229.058041349024
Brinjal,Rajahmundry,10.0,36.0,10.0,4,896,17.788393594033607,37.271430901162766,1382.655844774984,280.77107180927084,15793.37451060347
Brinjal,Rajahmundry,10.0,36.0,10.0,4,1083,16.695301677170036,35.06980092783906,1064.3094980959113,246.39155375495992,18588.881636623686
Brinjal,Rajahmundry,10.0,36.0,10.0,4,142,18.793572682804484,31.14621596238238,583.5353882034283,189.6320872704407,980.9078702261922
Brinjal,Rajahmundry,10.0,36.0,10.0,4,194,20.523245280231038,35.623206530617914,696.1479991684567,587.5510263589554,1645.6934570476415
Brinjal,Rajahmundry,10.0,36.0,10.0,4,380,25.885314826984928,34.012523809892684,1768.6270247462598,220.6239098411409,1099.088478917547
Brinjal,Rajahmundry,10.0,36.0,10.0,4,733,18.617569911788262,36.51689258528003,1059.1817812092509,343.33345013787846,11717.688288322339
Brinjal,Rajahmundry,10.0,36.0,10.0,4,633,17.1579873645762,31.468578271924322,1313.7132896719968,244.43360288405475,7500.457151795308
Brinjal,Rajahmundry,10.0,36.0,10.0,4,645,17.590482701636155,32.97671649583312,1007.4820822960638,164.60341036012227,8752.035304600855
Brinjal,Rajahmundry,10.0,36.0,10.0,4,146,22.981324206501803,31.188665030031878,2221.8729730349096,744.6106803722693,-1768.2118931717878
Brinjal,Rajahmundry,10.0,36.0,10.0,4,1696,16.22802626334338,36.851767970656226,485.93741689750027,518.0946575788014,33973.83386112629
Brinjal,Rajahmundry,10.0,36.0,10.0,4,1815,18.46097269203647,33.26739914009795,1365.950567420247,532.7783400712071,24974.935095740133
Brinjal,Rajahmundry,10.0,36.0,10.0,4,177,21.195374934237996,35.98179075456305,380.7030463593154,276.7058610408145,1959.7866927974037
Brinjal,Rajahmundry,10.0,36.0,10.0,4,1130,23.621387458355976,36.67997284296213,1949.1557104188923,121.3305069135159,12685.715267272542
Brinjal,Rajahmundry,10.0,36.0,10.0,4,1397,21.03205356169331,34.434844318476166,833.4351079964052,288.4702616645667,17601.79331756468
Brinjal,Rajahmundry,10.0,36.0,10.0,4,584,18.168665887540346,34.660548662535625,2149.5619689314485,162.44303009843935,7319.254541567354
Brinjal,Rajahmundry,10.0,36.0,10.0,4,225,17.49343102364791,37.01179642132725,1605.903397818907,575.3716234011426,2210.3571932577997
Brinjal,Rajahmundry,10.0,36.0,10.0,4,166,23.20728667514902,34.0529911326306,1585.2388663711724,615.775732776439,-400.62765920566926
Brinjal,Rajahmundry,10.0,36.0,10.0,4,722,24.250746321190764,33.707948732853694,580.6766661502403,298.6431340591071,5948.7803410112865
Brinjal,Rajahmundry,10.0,36.0,10.0,4,1641,25.916191889166132,34.974397600513726,837.5769420222399,448.77338849425814,13578.165241804905
Brinjal,Rajahmundry,10.0,36.0,10.0,4,1864,26.283871696606646,30.654247414565337,795.7321549675621,355.74977377184035,6994.898409535606
Brinjal,Rajahmundry,10.0,36.0,10.0,4,723,17.9353588312032,31.943282573169398,927.2093711264636,221.36151670632836,8979.157977608767
Brinjal,Rajahmundry,10.0,36.0,10.0,4,922,25.29699158122036,30.97177544069649,340.1334591423943,587.8730236564951,4304.144235638101
Brinjal,Rajahmundry,10.0,36.0,10.0,4,1019,17.410020143414965,33.46456031312934,2432.8349532058114,705.8549881257862,13220.886491607347
Brinjal,Rajahmundry,15.0,36.0,10.0,8,745,26.73072535980754,34.13339121066325,1890.3714125679064,674.6030312073468,2950.011615112253
Brinjal,Rajahmundry,15.0,36.0,10.0,8,293,22.21303924455044,34.715611364183275,915.9540060526252,638.6450532343558,2108.65457176544
Brinjal,Rajahmundry,15.0,36.0,10.0,8,425,26.654335918245728,35.71885784762459,738.9152401443034,615.3730285889417,2498.133551252773
Brinjal,Rajahmundry,15.0,36.0,10.0,8,239,17.440237707183396,34.99646430557976,934.9872171285627,506.8667549958286,2754.084184892339
Brinjal,Rajahmundry,15.0,36.0,10.0,8,238,26.265754896374887,32.9086237835485,1606.5428146273773,358.4613370569273,-384.0013565369836
Brinjal,Rajahmundry,15.0,36.0,10.0,8,109,22.124913673732053,34.552238255200635,743.8070171265189,579.2000835158833,31.57127873767331
Brinjal,Rajahmundry,15.0,36.0,10.0,8,1719,18.95011907144865,35.50681960001229,1972.5012917573104,516.947118425491,25971.5197984181
Brinjal,Rajahmundry,15.0,36.0,10.0,8,1673,20.6478818727905,33.111851519109564,2344.964117345217,681.4335854514104,17825.82351549516
Brinjal,Rajahmundry,15.0,36.0,10.0,8,335,20.611997563707902,37.317154083119675,2480.0448482062593,243.50126703726608,2872.68131875942
Brinjal,Rajahmundry,15.0,36.0,10.0,8,1670,26.20565377476888,35.79549516540919,405.8082167209929,647.0601372259904,14962.166768422336
Brinjal,Rajahmundry,15.0,36.0,10.0,8,1902,24.788886968086814,32.05171670434376,660.0430743045499,214.98605855169507,12938.873025504465
Brinjal,Rajahmundry,15.0,36.0,10.0,8,104,18.745470857501996,35.16306165878528,2297.305487017535,321.33760760754626,-911.21365129162
Brinjal,Rajahmundry,15.0,36.0,10.0,8,1165,20.438407160164463,36.47951596419536,1266.0967988544805,363.8611005974353,17057.93385724408
Brinjal,Rajahmundry,15.0,36.0,10.0,8,1814,22.940296677163847,34.48642364578536,1265.238285854346,504.24038963428796,19175.195645590786
Brinjal,Rajahmundry,15.0,36.0,10.0,8,244,25.91540539136534,33.364016793887124,1495.8162944507749,734.5304776751829,-412.88558991064383
Brinjal,Rajahmundry,15.0,36.0,10.0,8,1162,17.46249883965033,37.36679129001703,1680.9577167571192,334.4339302599603,21113.396180309024
Brinjal,Rajahmundry,15.0,36.0,10.0,8,1571,18.000692207928537,36.926129630688756,1389.9319780887245,619.0226377973318,27722.90757527025
Brinjal,Rajahmundry,15.0,36.0,10.0,8,1022,24.71684988122493,31.692059134075805,985.7885491502061,273.942397870126,5868.932909393261
Brinjal,Rajahmundry,15.0,36.0,10.0,8,1050,17.745782243923472,32.07272107082014,1870.940980891951,445.7870409916039,12726.557746357943
Brinjal,Rajahmundry,15.0,36.0,10.0,8,1965,19.8944828861318,36.5130525936385,543.3898213014559,692.5166042141627,31419.583049735047
Brinjal,Rajahmundry,15.0,36.0,10.0,8,315,22.722745018383137,34.216476101730215,1487.6934016482408,440.45023739692544,1692.3816522091638
Brinjal,Rajahmundry,15.0,36.0,10.0,8,423,24.000327738645115,35.78426306313174,1710.524792347654,585.76391112697,2688.3159387832184
Brinjal,Rajahmundry,15.0,36.0,10.0,8,1415,23.934734007115885,34.91301142639675,2118.9574211799722,771.3523561948194,12643.952770907636
Brinjal,Rajahmundry,15.0,36.0,10.0,8,971,22.5006313834741,33.486130200698206,1316.4127680170918,763.0983377282707,8587.408245779243
Brinjal,Rajahmundry,15.0,36.0,10.0,8,495,26.04800601550402,31.601636597830044,521.7481266349503,279.2108722975636,1948.0881393188702
Brinjal,Rajahmundry,12.0,36.0,15.0,9,1739,25.61893821659684,37.31125163388201,1543.2930038962597,587.6555767138245,18201.984452048826
Brinjal,Rajahmundry,12.0,36.0,15.0,9,987,16.448644131706484,35.28984391911537,1996.7426707434236,362.1047588042954,16237.416760624852
Brinjal,Rajahmundry,12.0,36.0,15.0,9,1113,17.035067507278903,31.35057815557303,2148.9671903569306,737.4803387789991,13046.71582241543
Brinjal,Rajahmundry,12.0,36.0,15.0,9,1892,17.422970895080155,37.690856632528806,2145.575790181055,187.26387684228678,36014.000148229505
Brinjal,Rajahmundry,12.0,36.0,15.0,9,924,19.78718125667334,32.842398701128616,800.2703659296478,525.526075655981,10737.224477091047
Brinjal,Rajahmundry,12.0,36.0,15.0,9,1554,16.791425699277937,33.01342013985049,2066.277586915625,103.242416103222,23039.459357630894
Brinjal,Rajahmundry,12.0,36.0,15.0,9,1036,17.434086840601427,33.58443300626612,2199.7399093485055,746.0721622589394,13785.946556021176
Brinjal,Rajahmundry,12.0,36.0,15.0,9,1333,21.393039363361993,37.21287401956297,1591.5500931004478,122.99266917040684,19373.29683444505
Brinjal,Rajahmundry,12.0,36.0,15.0,9,862,17.721255820101838,31.869986302844808,1396.4091000268554,393.2478146531835,10406.5487614444
Brinjal,Rajahmundry,12.0,36.0,15.0,9,1979,19.56391024823378,36.21956909433183,910.6917797847199,254.06804985676794,31796.78902678656
Brinjal,Rajahmundry,12.0,36.0,15.0,9,1592,21.763875769993575,37.62389747291585,1309.7757736374288,490.1137582230335,23449.2650191918
Brinjal,Rajahmundry,12.0,36.0,15.0,9,441,17.121776415249354,37.77749461329083,1404.8290227287337,516.7695121240306,7187.573190483525
Brinjal,Rajahmundry,12.0,36.0,15.0,9,1264,20.491035646942056,33.672880118424594,2059.5204485633926,344.5708993345331,14257.760064056005
Brinjal,Rajahmundry,12.0,36.0,15.0,9,769,18.259427383167598,30.86315760850628,1338.5472792419982,495.3887932838315,7858.332470759617
Brinjal,Rajahmundry,12.0,36.0,15.0,9,117,19.375682535586492,35.74122623848677,1460.8250063185287,474.11912388007283,-20.17551695926977
Brinjal,Rajahmundry,12.0,36.0,15.0,9,1236,20.52824105745352,34.62941038541917,641.5285410475675,227.34969134668978,16560.167056971288
Brinjal,Rajahmundry,12.0,36.0,15.0,9,1024,17.015436329082004,36.02337278938164,899.0640803846587,728.2012868732189,17836.86156808895
Brinjal,Rajahmundry,12.0,36.0,15.0,9,261,20.614329047859442,30.782781760754485,643.5357142056188,601.1805601931783,1409.2498836668092
Brinjal,Rajahmundry,12.0,36.0,15.0,9,1472,20.606232549940323,34.572402685867246,858.5548408952694,237.27916978541697,19462.368429403745
Brinjal,Rajahmundry,12.0,36.0,15.0,9,1890,16.412873807747133,31.34958179028893,2059.815387821017,224.98126343803352,25945.58143574495
Brinjal,Rajahmundry,12.0,36.0,15.0,9,1732,22.212593115660354,35.78985429343565,2071.692928187391,792.11014736881,20652.01328435062
Brinjal,Rajahmundry,12.0,36.0,15.0,9,1411,25.441521855547887,36.57758302488234,1173.8037651606005,567.6595955994524,13971.518949170859
Brinjal,Rajahmundry,12.0,36.0,15.0,9,568,20.589036929354037,32.932728439968955,491.2350328907685,543.2685424376723,5976.71320270083
Brinjal,Rajahmundry,12.0,36.0,15.0,9,1796,18.445171555577094,30.7910318678915,699.1579571975541,508.1290926787845,20965.878071040344
Brinjal,Rajahmundry,12.0,36.0,15.0,9,799,23.8026182594959,37.15649282549019,1674.4747962951524,335.1061000048845,8660.164881929402
Brinjal,Rajahmundry,1.0,36.0,12.0,9,1122,20.300678008206482,34.85012358610662,889.7400098103278,536.9042354943938,14897.833693099234
Brinjal,Rajahmundry,1.0,36.0,12.0,9,1033,24.557412850574472,33.21185684159481,2194.3496439443875,253.6573675566711,6492.033631222948
Brinjal,Rajahmundry,1.0,36.0,12.0,9,1629,24.446942576925416,31.608814865518458,2210.629546975408,441.20183877465956,9014.858572368
Brinjal,Rajahmundry,1.0,36.0,12.0,9,1850,24.838436764231005,33.66153723217848,349.43247830425827,288.0741515694623,15685.229235829109
Brinjal,Rajahmundry,1.0,36.0,12.0,9,651,23.747535214137766,33.49836031389826,779.6508364869903,551.5379174385306,5016.598386018562
Brinjal,Rajahmundry,1.0,36.0,12.0,9,593,26.831543551598365,34.38496931257934,677.6944288662677,290.6151285635583,3510.8719188318937
Brinjal,Rajahmundry,1.0,36.0,12.0,9,174,25.083905859846077,34.41356408631658,2093.1197424854054,448.663527457704,-918.4227385372415
Brinjal,Rajahmundry,1.0,36.0,12.0,9,133,22.18512242717057,35.290226796133425,2125.4319681558436,244.49489023242225,-626.9479773162066
Brinjal,Rajahmundry,1.0,36.0,12.0,9,1997,17.71220021753285,32.49852337896924,886.2964654159408,612.5292049213436,28029.46168305118
Brinjal,Rajahmundry,1.0,36.0,12.0,9,709,22.685582092683457,35.38826405673304,685.8168129715891,740.0883621474718,7580.296337392094
Brinjal,Rajahmundry,1.0,36.0,12.0,9,1021,20.567320216729463,36.15056191486275,1228.4793310115122,347.7099635928746,14334.3004791897
Brinjal,Rajahmundry,1.0,36.0,12.0,9,1945,24.170763057404802,31.19615040906091,1626.934640826054,271.7443767769247,11765.699381368155
Brinjal,Rajahmundry,1.0,36.0,12.0,9,248,25.240453099592717,33.747792453772156,2314.130090042211,605.073002785334,-809.3829329910441
Brinjal,Rajahmundry,1.0,36.0,12.0,9,843,22.31717011520649,34.02756289583352,1760.0765637978259,755.7808175273306,7356.003732743429
Brinjal,Rajahmundry,1.0,36.0,12.0,9,168,21.424553372870058,32.543360801223805,1487.6541135980256,213.40971452410923,166.89581984129472
Brinjal,Rajahmundry,1.0,36.0,12.0,9,1367,16.755398785629904,34.1738369798489,1613.0542676171563,333.97072357187255,21863.980020308336
Brinjal,Rajahmundry,1.0,36.0,12.0,9,253,21.321762933963992,33.079562870718476,1073.3883544952814,388.9554854247266,1512.3795440788772
Brinjal,Rajahmundry,1.0,36.0,12.0,9,160,23.634745881419548,33.73075683794698,842.0844731260349,673.3716223719398,99.90565754641466
Brinjal,Rajahmundry,1.0,36.0,12.0,9,1352,16.225265418758404,37.56743559509103,311.5584008284468,172.1656222096214,28370.89005536364
Brinjal,Rajahmundry,1.0,36.0,12.0,9,1736,17.18908639192765,37.204657743328156,601.0009880217151,765.1661476745617,33380.864730335
Brinjal,Rajahmundry,1.0,36.0,12.0,9,1946,21.83004720806655,31.22427752540772,2407.975744608647,630.874689761977,15242.3217631753
Brinjal,Rajahmundry,1.0,36.0,12.0,9,760,24.397587131819577,35.813543970766595,1701.909475536871,786.4037601259918,6187.81396193687
Brinjal,Rajahmundry,1.0,36.0,12.0,9,565,21.485789607345918,32.19270798110114,2472.8696175926234,760.8415377806293,2815.697725798447
Brinjal,Rajahmundry,1.0,36.0,12.0,9,146,16.67698672726908,34.8354990501835,2498.5776990448367,489.06460700602577,-336.4995069053575
Brinjal,Rajahmundry,1.0,36.0,12.0,9,1209,26.087273613950853,30.84441104581775,1834.3245879430478,308.1443051607855,3608.9102620232443
Cauliflower,Visakhapatnam,6.0,48.0,8.0,3,787,23.260061105960897,44.84892153341292,2049.752043510014,621.5451836841543,14319.13592921057
Cauliflower,Visakhapatnam,6.0,48.0,8.0,3,471,33.76151133890501,43.863364543135255,2123.6140431314902,125.90534430084483,2508.453471760109
Cauliflower,Visakhapatnam,6.0,48.0,8.0,3,1282,26.851640392185203,46.18250106243374,1358.3361444569903,719.4988495662967,22704.328385235334
Cauliflower,Visakhapatnam,6.0,48.0,8.0,3,1294,26.494199478260153,47.757761006676105,443.7839497576732,320.7032364814272,26750.56143153114
Cauliflower,Visakhapatnam,6.0,48.0,8.0,3,596,29.352981461483342,47.151889680773195,1923.282687194355,464.11767691511227,8220.748934587285
Cauliflower,Visakhapatnam,6.0,48.0,8.0,3,592,30.468429909825186,43.036410957634885,353.68171942438363,709.0692117306509,6377.493849148304
Cauliflower,Visakhapatnam,6.0,48.0,8.0,3,513,21.60342033949274,42.580539931936535,1144.7205578233966,752.812936597677,8863.728856502594
Cauliflower,Visakhapatnam,6.0,48.0,8.0,3,1162,21.736590244250372,41.305764825381395,494.7955033499599,126.3177412443826,22118.267618679907
Cauliflower,Visakhapatnam,6.0,48.0,8.0,3,847,30.63607867034453,49.18730029618885,2464.9836322384494,637.7913897051627,12610.109695146526
Cauliflower,Visakhapatnam,6.0,48.0,8.0,3,1020,26.443734679129278,45.816184239691424,1910.9979758062193,102.34245343008546,17746.558122537084
Cauliflower,Visakhapatnam,6.0,48.0,8.0,3,1552,26.706559070027183,43.55749431987918,951.8778650031782,263.52542573493696,24937.248217032196
Cauliflower,Visakhapatnam,6.0,48.0,8.0,3,1788,25.59262529803354,49.539255379752326,399.221489884711,176.62731907538063,42240.7257771531
Cauliflower,Visakhapatnam,6.0,48.0,8.0,3,1467,23.391900825074732,49.981590696570485,2055.576508715443,281.28785612126956,36670.210676647555
Cauliflower,Visakhapatnam,6.0,48.0,8.0,3,1503,27.61316317130297,49.23953575259678,2378.4104490411028,427.1810578749088,29698.84648276859
Cauliflower,Visakhapatnam,6.0,48.0,8.0,3,1968,35.84426270131237,47.93618709977879,442.97010086236685,381.10616549784123,22972.830949821728
Cauliflower,Visakhapatnam,6.0,48.0,8.0,3,1984,30.954911745490108,46.634273230837046,1427.914724236319,261.46886820243105,29418.469594489572
Cauliflower,Visakhapatnam,6.0,48.0,8.0,3,325,27.130904805473996,41.15262659929549,2405.9945785633163,678.3439870557761,1472.7210173728927
Cauliflower,Visakhapatnam,6.0,48.0,8.0,3,1640,22.43293454251291,50.10338524935179,2244.3289469195365,749.426598236649,42385.78361405957
Cauliflower,Visakhapatnam,6.0,48.0,8.0,3,1876,24.104091588760618,44.60392338146552,1968.1246465490008,587.2144326376546,35902.345363927736
Cauliflower,Visakhapatnam,6.0,48.0,8.0,3,315,34.52308053186533,45.24845518286995,1670.462242457261,623.51012286456,1084.5206497446325
Cauliflower,Visakhapatnam,6.0,48.0,8.0,3,1212,30.138335061720525,46.36882759524299,501.2710422750607,714.2226038412663,18455.86330451291
Cauliflower,Visakhapatnam,6.0,48.0,8.0,3,1446,25.530614997930936,45.37609755197154,397.6286597731209,696.5354733429054,27602.403640026692
Cauliflower,Visakhapatnam,6.0,48.0,8.0,3,269,33.25703147603824,47.09032301413461,1511.8862153401064,160.89073193798708,2048.3784764698303
Cauliflower,Visakhapatnam,6.0,48.0,8.0,3,1083,25.238146953036747,40.84878854225305,1830.5714442694505,134.14850717122115,14941.604889680584
Cauliflower,Visakhapatnam,6.0,48.0,8.0,3,1013,22.767065509070132,42.91375873871819,1803.169280051111,153.29160164321013,18452.139359939152
Cauliflower,Visakhapatnam,8.0,48.0,6.0,9,692,22.485845177844986,49.27590018371963,1435.3738449759567,734.5596036112061,16368.784615478085
Cauliflower,Visakhapatnam,8.0,48.0,6.0,9,1446,26.608452593791583,47.308955064567016,1544.6103207907404,286.91978911859496,28101.396462831945
Cauliflower,Visakhapatnam,8.0,48.0,6.0,9,1385,29.106148495397974,49.134343718894854,839.628170961736,210.13846179176818,26689.28375178967
Cauliflower,Visakhapatnam,8.0,48.0,6.0,9,915,31.8004268646965,48.83532795229125,1834.437215672424,576.0985402322103,13176.398739244563
Cauliflower,Visakhapatnam,8.0,48.0,6.0,9,290,31.665466627770062,42.61652678193606,2239.6016920947704,772.9207017294352,163.28505088393285
Cauliflower,Visakhapatnam,8.0,48.0,6.0,9,860,22.021160875697653,48.72784080542173,583.5137084415794,334.58319798139934,22049.647833139727
Cauliflower,Visakhapatnam,8.0,48.0,6.0,9,1793,34.6852988534789,40.81075307020905,1523.5998170874655,629.6450626494543,8829.694530860252
Cauliflower,Visakhapatnam,8.0,48.0,6.0,9,1647,21.691956552722406,43.55556607847916,1657.2392204266328,786.8303246191964,33565.29534387554
Cauliflower,Visakhapatnam,8.0,48.0,6.0,9,116,23.26815153763571,44.41627547507327,319.9592902359949,673.0755943498892,1460.1474921568729
Cauliflower,Visakhapatnam,8.0,48.0,6.0,9,1107,23.140521199108203,48.105867864019466,1490.7864730874426,774.0944027012963,25371.757882268033
Cauliflower,Visakhapatnam,8.0,48.0,6.0,9,1954,27.24697744481083,42.5231743048688,1958.1374349111422,652.164887309521,27239.38634233261
Cauliflower,Visakhapatnam,8.0,48.0,6.0,9,1015,31.50555440113171,41.45123576740965,962.1198472829958,595.720462051697,8537.026277437413
Cauliflower,Visakhapatnam,8.0,48.0,6.0,9,1017,31.803436866277863,45.34630932897685,427.42501322935624,152.2860924304978,13193.390188905018
Cauliflower,Visakhapatnam,8.0,48.0,6.0,9,309,34.15013000859422,50.14549410410301,2431.5312816285214,624.7562822200473,1886.2799416636462
Cauliflower,Visakhapatnam,8.0,48.0,6.0,9,1350,30.159300372891053,44.48267769989397,444.37751806282847,675.0590631852086,18217.122810205896
Cauliflower,Visakhapatnam,8.0,48.0,6.0,9,978,28.636461941827186,48.19591121095481,1803.2498285343115,412.1318944637238,16913.759662208784
Cauliflower,Visakhapatnam,8.0,48.0,6.0,9,1553,28.346967601467615,49.86531489559516,524.8259633261817,697.9468421230962,32195.220542330797
Cauliflower,Visakhapatnam,8.0,48.0,6.0,9,1394,33.04525750199898,47.45934936750229,785.6931481352728,157.66673193108988,19149.884180445246
Cauliflower,Visakhapatnam,8.0,48.0,6.0,9,1073,24.91277303565265,42.06081721353003,2209.719509571044,774.2656574080924,15415.866235883292
Cauliflower,Visakhapatnam,8.0,48.0,6.0,9,1563,27.82562113501347,49.85871283360895,1223.400097237469,546.96816336486,32667.354064302403
Cauliflower,Visakhapatnam,8.0,48.0,6.0,9,1897,32.5453547295086,45.04606811885674,986.294379089287,324.5199183066892,22403.039002197438
Cauliflower,Visakhapatnam,8.0,48.0,6.0,9,1033,24.91134632483164,42.8458051586408,368.494982345925,556.1667777631195,17601.634215215818
Cauliflower,Visakhapatnam,8.0,48.0,6.0,9,1647,29.70360412334471,45.32671161698412,1495.112172737908,211.47201679548513,24024.67385249072
Cauliflower,Visakhapatnam,8.0,48.0,6.0,9,1084,34.1081736185608,48.255329786800715,1996.0280582169144,691.3482596818213,12648.14096847333
Cauliflower,Visakhapatnam,8.0,48.0,6.0,9,298,30.617572631492383,42.05995082575092,371.5575948807542,744.5934934709808,2293.6776135373075
Chilli,Chittoor,5.0,65.0,7.0,8,998,32.86644805619476,61.25726477995359,302.71003736613693,518.8290855856989,27512.49596735947
Chilli,Chittoor,5.0,65.0,7.0,8,1359,34.077029134265814,62.50936474358157,796.1883133762179,212.57782835473304,37630.77795132917
Chilli,Chittoor,5.0,65.0,7.0,8,825,40.59844233733078,58.74691425765627,2054.630021401814,317.2533712465016,12600.605941620219
Chilli,Chittoor,5.0,65.0,7.0,8,1840,32.166822532017534,61.28978175626553,1797.0045779905156,376.8815587159781,51412.35883590983
Chilli,Chittoor,5.0,65.0,7.0,8,1618,40.950400688326425,59.041613523220946,1828.9601494783935,702.0856780324432,26740.536539348497
Chilli,Chittoor,5.0,65.0,7.0,8,201,46.95246373320048,64.66570900564336,1948.155606022823,202.14545182460182,1410.061241913596
Chilli,Chittoor,5.0,65.0,7.0,8,687,48.48992056870935,57.10244205771967,1397.5539375929834,532.7090140226834,3986.539311334418
Chilli,Chittoor,5.0,65.0,7.0,8,1783,35.99732306907437,65.33546156530842,2370.72250931125,150.69139050243905,49788.48703897162
Chilli,Chittoor,5.0,65.0,7.0,8,324,30.96339673332425,59.80815010571935,373.04683934100643,155.00494800851453,8817.648305306491
Chilli,Chittoor,5.0,65.0,7.0,8,1017,35.53084669327704,67.95706302209223,741.8899976970472,585.2357585758766,31650.33625013211
Chilli,Chittoor,5.0,65.0,7.0,8,242,33.152929762773795,57.427273569367905,530.0492487356805,545.5011746805457,4798.840777779547
Chilli,Chittoor,5.0,65.0,7.0,8,734,29.86592982410002,67.42075920116797,414.3368240332393,478.9074347107493,26672.000504023883
Chilli,Chittoor,5.0,65.0,7.0,8,1493,47.48643539833947,67.5655560142035,1675.6702524706852,648.3959081591303,27654.060918855175
Chilli,Chittoor,5.0,65.0,7.0,8,210,45.13908971805699,56.291493003000774,2268.5966433331605,483.3146633076154,-409.906616802582
Chilli,Chittoor,5.0,65.0,7.0,8,1437,44.53473479166781,61.501749808836806,389.65903340344005,214.79963669264805,23777.141909575766
Chilli,Chittoor,5.0,65.0,7.0,8,113,30.841784649596498,56.034577091877324,843.6271148223221,211.68127607923185,1791.4771550761798
Chilli,Chittoor,5.0,65.0,7.0,8,1424,41.256969427873734,59.527226691590606,1334.4017039326632,620.995345916469,24061.44929368369
Chilli,Chittoor,5.0,65.0,7.0,8,1856,44.64912088927834,63.813201081511394,1396.0305761969057,488.75448565634184,33683.74777493128
Chilli,Chittoor,5.0,65.0,7.0,8,1013,41.98862887512794,59.57009012961642,1493.4529985826084,445.2937927486597,15871.27345946557
Chilli,Chittoor,5.0,65.0,7.0,8,1023,33.14107779311833,64.09296715160679,458.8364997541869,121.45675154406425,31083.48956243544
Chilli,Chittoor,5.0,65.0,7.0,8,452,45.638821922400204,57.514513375517296,2413.7172132713495,391.13515630285855,2562.96016723472
Chilli,Chittoor,5.0,65.0,7.0,8,123,37.54712002173747,59.74715490311052,1116.285278566126,791.3546946152405,822.9643172275191
Chilli,Chittoor,5.0,65.0,7.0,8,251,39.844360205584124,61.931946281513426,1593.7284317981744,120.5761120295551,3829.679561230525
Chilli,Chittoor,5.0,65.0,7.0,8,965,38.740044357781706,66.60450209506159,2281.544100824769,395.2046488114188,24212.4529668389
Chilli,Chittoor,5.0,65.0,7.0,8,854,40.80083140757056,67.11072349301699,763.4568158124664,536.076608494438,21169.114416664343
Chilli,Chittoor,8.0,65.0,5.0,9,1675,45.551962243733584,58.31529722146973,2007.2004554779448,383.71712816002037,18987.668504070083
Chilli,Chittoor,8.0,65.0,5.0,9,577,32.75382062296972,58.33806322401041,2437.069206891607,226.68386689664283,12098.354907012228
Chilli,Chittoor,8.0,65.0,5.0,9,936,30.59808933063908,60.93315005461874,514.2654636178148,383.51455935622505,27495.836814670925
Chilli,Chittoor,8.0,65.0,5.0,9,113,39.28893840162896,59.920033802196954,1604.4918731568403,214.46671080951592,512.3551962978272
Chilli,Chittoor,8.0,65.0,5.0,9,990,35.336887105580715,60.437597299782446,2187.569758629953,106.32128289068518,22555.812050739085
Chilli,Chittoor,8.0,65.0,5.0,9,1572,44.332725950888715,56.95135758933854,2433.6062991727986,417.6526789685475,16985.229957501797
Chilli,Chittoor,8.0,65.0,5.0,9,1518,46.482338558384676,60.99631685917715,1027.9565985761783,414.14430168198214,20590.118160344806
Chilli,Chittoor,8.0,65.0,5.0,9,943,45.413225634710884,60.85153780760348,847.1713996927858,532.001490622821,13179.155488722106
Chilli,Chittoor,8.0,65.0,5.0,9,612,34.17429175047067,59.92025972291119,1134.5888978293324,523.8767103514181,14098.066790952846
Chilli,Chittoor,8.0,65.0,5.0,9,786,42.1941882886252,61.420201384747585,2157.1749877322336,663.9691070650372,12290.502198754926
Chilli,Chittoor,8.0,65.0,5.0,9,255,46.10221546464629,62.50582324472022,1487.7928469048675,123.93143615741073,2571.1957008565732
Chilli,Chittoor,8.0,65.0,5.0,9,433,30.36319369374164,62.155203864013416,2360.532523048915,127.54047846795675,11277.867402210806
Chilli,Chittoor,8.0,65.0,5.0,9,218,33.63167295096726,57.590135687145406,494.82228529113104,172.31626998681097,4555.806321208895
Chilli,Chittoor,8.0,65.0,5.0,9,790,30.060670751482647,57.17846161250716,2470.5862705094632,775.5830875052319,18176.885422194668
Chilli,Chittoor,8.0,65.0,5.0,9,1934,29.58890590861685,59.45069854191362,2440.815045754762,506.0785607868276,54805.813346254356
Chilli,Chittoor,8.0,65.0,5.0,9,1307,39.30412255729538,61.60500554333996,1767.1013666014296,197.75587832941903,27182.396817829416
Chilli,Chittoor,8.0,65.0,5.0,9,483,31.83793574947591,57.116050706512105,2367.603542239052,613.0292428389392,9228.69673917049
Chilli,Chittoor,8.0,65.0,5.0,9,1131,48.16328489909178,56.47070930526244,1779.7246600952778,410.6251535131998,7205.3471897705385
Chilli,Chittoor,8.0,65.0,5.0,9,616,48.03526323999778,58.56898482146961,1755.591170816523,785.0419011803713,3948.139422189757
Chilli,Chittoor,8.0,65.0,5.0,9,526,42.5733365516481,61.713271932109556,1659.2639284426705,708.2334891351028,7700.108592544955
Chilli,Chittoor,8.0,65.0,5.0,9,843,44.23612760821393,56.72042764799544,2050.1228177320872,743.074457895453,7731.067657908272
Chilli,Chittoor,8.0,65.0,5.0,9,1124,33.45566547175549,63.81551111302454,1166.5016924391487,555.8630839290445,32402.10172441823
Chilli,Chittoor,8.0,65.0,5.0,9,1725,36.04718651121843,57.320736788156466,1630.8986299191897,322.67808753268366,34743.29751026624
Chilli,Chittoor,8.0,65.0,5.0,9,1284,37.18470523409598,66.56979485438437,2021.2480649282015,496.91138269066744,35212.295624831415
Chilli,Chittoor,8.0,65.0,5.0,9,588,31.37763781943212,63.70665142129231,1983.4199020227263,747.9723816164983,16278.067714254565
Chilli,Chittoor,6.0,65.0,8.0,9,118,45.002995867854544,65.15970675209601,2055.190027488996,404.9083203690531,-81.60646351755531
Chilli,Chittoor,6.0,65.0,8.0,9,1454,36.575608911693664,59.10930056928365,1727.9642493476647,329.8668595195568,30706.15656126861
Chilli,Chittoor,6.0,65.0,8.0,9,1188,36.39599992999226,60.40024499092032,1830.0278547176968,371.99067088924204,26315.024606775587
Chilli,Chittoor,6.0,65.0,8.0,9,1596,40.88146676221572,62.34392955044115,1277.7227960526434,110.26693993238467,32866.10087402277
Chilli,Chittoor,6.0,65.0,8.0,9,1390,41.01724757093687,63.93676638121521,1662.878761221152,424.44583066040065,29770.806554405346
Chilli,Chittoor,6.0,65.0,8.0,9,1126,39.826091467104895,67.61922127565789,2163.768195019663,739.9655611660289,28391.330408244983
Chilli,Chittoor,6.0,65.0,8.0,9,1344,35.904332638710045,60.192543044216144,1177.410117973181,506.1206584591326,30959.824008567877
Chilli,Chittoor,6.0,65.0,8.0,9,1423,38.5455617633026,60.376749209638554,1508.7113245469973,622.8130012950759,28934.25541029399
Chilli,Chittoor,6.0,65.0,8.0,9,463,47.882712071121226,55.4870235747927,730.7115685038013,105.29401248469948,2684.7906452113893
Chilli,Chittoor,6.0,65.0,8.0,9,1938,30.639965266075695,67.660580390433,1740.324779148966,366.0521562560437,69639.57517559944
Chilli,Chittoor,6.0,65.0,8.0,9,423,47.471502522707524,59.821094934115244,523.1258225882764,440.110231430428,4260.641536006762
Chilli,Chittoor,6.0,65.0,8.0,9,1107,39.4501521293448,63.96124844994225,2345.1329303283765,472.58214933732813,24316.06854723567
Chilli,Chittoor,6.0,65.0,8.0,9,1771,35.32050013354207,63.18433918304194,1875.5314832910258,290.83680051347363,47180.49067285977
Chilli,Chittoor,6.0,65.0,8.0,9,743,45.301893304115374,62.04225352670954,571.0898391787653,701.5910552964124,11165.40675091229
Chilli,Chittoor,6.0,65.0,8.0,9,1162,39.490685981507674,64.46760140239162,535.1292308084364,497.11855374023247,27990.92793451847
Chilli,Chittoor,6.0,65.0,8.0,9,397,47.14617353884186,60.76885652755271,491.485717692849,671.0240504529967,4245.695378372358
Chilli,Chittoor,6.0,65.0,8.0,9,1295,30.096544390668974,63.4809678827223,2393.0873528546454,521.1282741024318,40318.612795251975
Chilli,Chittoor,6.0,65.0,8.0,9,1241,39.29591582150776,62.96600139860091,2046.2364708371358,552.6241393960021,26775.71559093945
Chilli,Chittoor,6.0,65.0,8.0,9,1083,37.26505516123074,66.16819693726737,2280.0508714756243,347.3949655119027,28674.656706460148
Chilli,Chittoor,6.0,65.0,8.0,9,1277,34.23507745728081,59.176786523852336,1910.307748688396,695.8219825969396,29244.432746726496
Chilli,Chittoor,6.0,65.0,8.0,9,1290,42.26722303618367,56.49195907985069,1672.4905142884606,416.2373751160604,16261.18160692593
Chilli,Chittoor,6.0,65.0,8.0,9,341,32.23318411615697,58.3080626024258,2212.3711742323158,431.0243759432275,6248.1380136421285
Chilli,Chittoor,6.0,65.0,8.0,9,760,31.116433832643153,55.55730161860237,1712.3373009751851,524.9658252621466,16337.756391091665
Chilli,Chittoor,6.0,65.0,8.0,9,1283,41.69023546966142,58.58949001939429,1690.4340692449207,140.91822987598772,19850.391288186365
Chilli,Chittoor,6.0,65.0,8.0,9,1020,48.5118176441903,57.023716783237525,1829.3180189047064,383.0231376730045,6469.7959652504505
Coriander,Chittoor,5.0,80.0,4.0,8,1497,46.6989819498535,79.5922696223779,334.8064018842814,338.76301713195437,48567.68222675279
Coriander,Chittoor,5.0,80.0,4.0,8,401,38.49863158521999,79.58942107405986,1572.4512174141,291.91246659186413,14613.04290101882
Coriander,Chittoor,5.0,80.0,4.0,8,1105,42.3574907336816,78.32463740041148,1610.6516020157046,380.8315398272879,37752.21392489351
Coriander,Chittoor,5.0,80.0,4.0,8,1476,41.43975365344771,73.679940893311,452.7324540414054,463.3418536357893,46670.44205836103
Coriander,Chittoor,5.0,80.0,4.0,8,1765,52.070462787215085,69.11890569135095,1708.3700924219654,289.80320555012935,28092.328427827713
Coriander,Chittoor,5.0,80.0,4.0,8,1835,51.62105685713266,76.52732458482136,1013.5342568538263,333.10133914073856,44356.36568431421
Coriander,Chittoor,5.0,80.0,4.0,8,1961,37.2561330188762,74.0556227757739,1098.4773980611824,796.83634349298,70268.48567172223
Coriander,Chittoor,5.0,80.0,4.0,8,1594,47.16493469480923,68.96227748161256,1537.0529949314016,770.3376991537662,32437.573708079333
Coriander,Chittoor,5.0,80.0,4.0,8,1968,51.2390410941848,80.07740511905357,675.0514639826185,386.63449710364273,55692.21443985547
Coriander,Chittoor,5.0,80.0,4.0,8,769,46.80890247019644,80.09861326232394,1064.6573533257606,565.4382071410525,23969.692038679226
Coriander,Chittoor,5.0,80.0,4.0,8,1079,47.39727704414925,74.12042048390413,563.6238044388219,781.9152400396109,27488.73272701707
Coriander,Chittoor,5.0,80.0,4.0,8,729,59.81960405180101,82.83201548678873,1487.9056866172311,689.4233060634949,14598.71894342533
Coriander,Chittoor,5.0,80.0,4.0,8,248,38.23029946510536,72.11275626291328,2033.384374242983,705.2803344234782,5664.184577189904
Coriander,Chittoor,5.0,80.0,4.0,8,1112,55.82562312606068,80.51244940272618,1859.238335034548,125.31226636733348,25467.20021825016
Coriander,Chittoor,5.0,80.0,4.0,8,580,41.45657520230637,73.46679203035073,1138.0009561241718,342.4252380123025,17085.499566129252
Coriander,Chittoor,5.0,80.0,4.0,8,860,49.291253777097026,72.88838897052838,1173.3593375634237,413.041778353385,18707.13515043416
Coriander,Chittoor,5.0,80.0,4.0,8,1319,56.96007988137235,70.58822738163374,2029.807104865608,502.2111676224366,15443.508280356735
Coriander,Chittoor,5.0,80.0,4.0,8,1439,56.4341989858823,71.33616822971737,2347.309472216616,181.45647851983327,18915.16779114223
Coriander,Chittoor,5.0,80.0,4.0,8,693,51.070801266543256,78.78886090254477,1471.4586236307375,604.9954471301122,17132.161256988198
Coriander,Chittoor,5.0,80.0,4.0,8,1190,54.96073047136947,72.87486622556865,478.0224227127548,382.08612513561303,20457.712999648662
Coriander,Chittoor,5.0,80.0,4.0,8,677,39.69098759203275,71.57783095194098,2406.1103533680916,501.1290002515945,18680.153601038186
Coriander,Chittoor,5.0,80.0,4.0,8,365,55.739533527224665,70.12039476386957,2196.43186099977,745.930033359376,2306.6524570162474
Coriander,Chittoor,5.0,80.0,4.0,8,1905,39.34075259082071,82.3721860366833,2124.531291310824,322.27201351371593,79528.07740954368
Coriander,Chittoor,5.0,80.0,4.0,8,582,45.56791266653551,70.34198387459598,1108.5757290413692,147.7206165698455,13162.21309747998
Coriander,Chittoor,5.0,80.0,4.0,8,1093,48.14658131632202,71.72082173384608,475.9238675904643,643.7065413301849,24647.014367433156
Coriander,Chittoor,4.0,80.0,5.0,8,227,46.379949079923165,72.98905812936415,1413.512098248537,407.6581820430371,4219.097473931533
Coriander,Chittoor,4.0,80.0,5.0,8,1951,56.434767301230366,68.00532009792784,338.9131811491659,521.7872146900054,21713.44811051758
Coriander,Chittoor,4.0,80.0,5.0,8,762,39.64859647508756,68.98159403377069,2017.6754893505677,421.8602966385241,19912.20835372746
Coriander,Chittoor,4.0,80.0,5.0,8,741,47.63043808845275,80.0680567095018,1662.895053096693,308.1485337657872,22065.231811334874
Coriander,Chittoor,4.0,80.0,5.0,8,1082,41.74032250118221,70.27598989899514,567.0468667293435,312.2926032973169,29996.25265440691
Coriander,Chittoor,4.0,80.0,5.0,8,982,40.266393308429954,79.06588888910912,1659.7136834318092,543.2327382094248,35898.15823858571
Coriander,Chittoor,4.0,80.0,5.0,8,1675,55.53528646814445,77.84351101169618,973.7579657305457,536.7270854041469,35855.79105931446
Coriander,Chittoor,4.0,80.0,5.0,8,223,56.35238124598563,79.58907951482658,2042.605994273195,383.35890035963985,2755.8188193186943
Coriander,Chittoor,4.0,80.0,5.0,8,867,40.670940283698364,73.88414961403663,1211.0854555636395,679.276526896812,26905.49050694282
Coriander,Chittoor,4.0,80.0,5.0,8,1864,45.289890248055144,83.42115640771763,846.8765669728725,193.6626153956421,70036.14093924235
Coriander,Chittoor,4.0,80.0,5.0,8,504,36.46061464375336,72.15701133992054,1972.637610868697,195.97679401029933,15822.369529989264
Coriander,Chittoor,4.0,80.0,5.0,8,1546,50.854756632185314,73.17600631858357,2135.4674051004886,540.5091642075154,31832.675445863715
Coriander,Chittoor,4.0,80.0,5.0,8,1816,55.23689068519175,83.35322630913653,1373.2788966379974,176.81533907425245,49509.17125737146
Coriander,Chittoor,4.0,80.0,5.0,8,799,51.506162963100195,75.9893413596579,885.2424116118376,204.46644456512328,18472.35068267265
Coriander,Chittoor,4.0,80.0,5.0,8,609,39.60116795265562,73.19481483024096,1922.1855702531593,433.21269055813656,18103.132687638175
Coriander,Chittoor,4.0,80.0,5.0,8,1868,50.737951468433664,81.75304370635115,1163.266187362644,769.3555334542638,56003.57057961295
Coriander,Chittoor,4.0,80.0,5.0,8,724,58.92803247609428,80.59045418008472,993.895170645628,581.6942942605795,14108.003848782864
Coriander,Chittoor,4.0,80.0,5.0,8,671,37.834004626513234,72.46988342295546,2346.701546643212,277.14090296054917,20616.832222808975
Coriander,Chittoor,4.0,80.0,5.0,8,331,47.07545915099362,78.1952236289325,1750.578628852722,726.5824184945754,7823.48099485047
Coriander,Chittoor,4.0,80.0,5.0,8,299,41.44715266476874,82.23025465806151,1291.3632448054673,717.7216083192699,10185.062642869801
Coriander,Chittoor,4.0,80.0,5.0,8,680,53.69841044931565,76.19555073300279,1796.5011142583774,129.171030421669,13372.383248227205
Coriander,Chittoor,4.0,80.0,5.0,8,1628,53.908974179564126,78.54456854725889,2064.6872278806923,173.75727376696418,37868.30312895941
Coriander,Chittoor,4.0,80.0,5.0,8,1140,58.956033559187524,79.8001337513441,1077.1530987045412,307.57490690135864,22377.546213452617
Coriander,Chittoor,4.0,80.0,5.0,8,1774,59.29799898409608,83.07704623477109,2024.4538888888824,348.38895217982326,39811.18698162875
Coriander,Chittoor,4.0,80.0,5.0,8,541,38.36149559312153,78.56484351522141,1981.619856887819,285.5324998275028,19482.858869140713
Coriander,Chittoor,6.0,80.0,4.0,9,1673,37.98282392302245,76.2345213851762,2277.581812813718,647.7394471947565,61069.76859417473
Coriander,Chittoor,6.0,80.0,4.0,9,459,50.99192565250233,74.11103423444634,752.5119768302212,184.97049271158448,9674.188369570493
Coriander,Chittoor,6.0,80.0,4.0,9,1505,42.257119198077994,69.10806890057376,2411.618339767044,434.7787062031466,37564.28225628594
Coriander,Chittoor,6.0,80.0,4.0,9,866,59.24373066226521,80.7794270664732,944.2084807421224,785.9792305511954,16919.725374750815
Coriander,Chittoor,6.0,80.0,4.0,9,473,47.66437207146096,82.72475489951051,1445.689912035268,531.5498088265584,14606.321356805609
Coriander,Chittoor,6.0,80.0,4.0,9,1349,39.0742979127888,73.41228009591197,2341.7840087173095,257.23092829069634,43722.92302802515
Coriander,Chittoor,6.0,80.0,4.0,9,1788,45.02382935859147,76.8014710473305,1155.0361569856634,214.57866102571103,55448.808521454004
Coriander,Chittoor,6.0,80.0,4.0,9,513,58.27962078836585,78.8157164093817,1391.3052450957505,108.90042299082546,9034.811385494551
Coriander,Chittoor,6.0,80.0,4.0,9,221,55.58272653524681,81.78191994181498,2162.3315451186118,743.2485735476881,2884.441624185263
Coriander,Chittoor,6.0,80.0,4.0,9,1653,51.2656983295158,71.53701394325965,2452.474013361311,623.7343341852983,30432.276361971977
Coriander,Chittoor,6.0,80.0,4.0,9,337,54.63473871599339,78.49858940289715,690.3432928333551,481.51884322785685,6870.255545425356
Coriander,Chittoor,6.0,80.0,4.0,9,334,42.4639511592486,76.63289952792807,1901.483788807635,175.56060025252503,9335.384366078784
Coriander,Chittoor,6.0,80.0,4.0,9,312,53.42351783964709,81.08456527771112,769.7250058834782,454.0968850662803,7406.424909726218
Coriander,Chittoor,6.0,80.0,4.0,9,187,44.21720726480511,74.61466318872418,1968.0070243683822,620.3966502536265,3095.920583150857
Coriander,Chittoor,6.0,80.0,4.0,9,614,43.14116283165169,77.04035188574426,1815.5476645101994,711.3260411025653,18287.22837360007
Coriander,Chittoor,6.0,80.0,4.0,9,1490,57.05132259627369,74.94080819607635,653.8659827070417,490.6296276042769,25510.83793339465
Coriander,Chittoor,6.0,80.0,4.0,9,1707,41.92029274851895,79.62338744180809,2481.9818929685994,169.42466971105114,61707.77607876492
Coriander,Chittoor,6.0,80.0,4.0,9,1347,57.11559566260653,78.52096500444837,984.0436460166192,619.6436354007565,27229.345222043587
Coriander,Chittoor,6.0,80.0,4.0,9,401,50.783650806244296,71.00839575384666,1081.8460511086269,648.654249139778,6379.622423740144
Coriander,Chittoor,6.0,80.0,4.0,9,599,48.5798200974279,81.56876465809235,2147.9207566208015,682.8763285429302,16929.58070667427
Coriander,Chittoor,6.0,80.0,4.0,9,1137,53.989091627253316,80.13882224177608,1792.433410281312,629.3852605240168,27310.42503790705
Coriander,Chittoor,6.0,80.0,4.0,9,1858,43.334501171765154,82.02641218925122,2491.935542779944,357.8166713547938,69039.81845635435
Coriander,Chittoor,6.0,80.0,4.0,9,1504,51.440764317882824,80.48639641835638,777.8600149206632,196.47602941146476,42710.29463478009
Coriander,Chittoor,6.0,80.0,4.0,9,1865,45.902924180366966,79.12989034394892,307.0801799294131,533.7125362218885,61127.499178929036
Coriander,Chittoor,6.0,80.0,4.0,9,1895,40.351662718212125,74.20277751600631,1185.119674310423,711.9837294271664,62250.75913808239
Coriander,Chittoor,5.0,80.0,6.0,9,1344,51.41581262172546,69.03765751172749,1575.9643323418888,493.0392115716666,21614.755988249177
Coriander,Chittoor,5.0,80.0,6.0,9,999,37.26729505124467,75.78556259590005,1618.6117244584545,521.5019508367368,36339.63560181552
Coriander,Chittoor,5.0,80.0,6.0,9,1311,55.80118584432149,75.97209091621525,469.5282140955286,140.98565047078543,25833.542684686414
Coriander,Chittoor,5.0,80.0,6.0,9,1232,53.90220501152819,83.71150704713833,761.6523886841007,677.5914673662807,35285.81625182131
Coriander,Chittoor,5.0,80.0,6.0,9,118,46.564775950931775,70.35924042730053,1022.0240579404854,403.81355632171267,1381.9091939493146
Coriander,Chittoor,5.0,80.0,6.0,9,1269,44.9141280449531,69.00067563035789,2063.007214802942,636.6119667801504,27866.209704295587
Coriander,Chittoor,5.0,80.0,6.0,9,1948,58.39471995224538,78.28104319256306,1226.7457172469585,545.3241552957629,36966.48779959613
Coriander,Chittoor,5.0,80.0,6.0,9,1875,40.2780592057114,78.97458033679781,2480.478150006868,623.0537114194263,69452.44525936073
Coriander,Chittoor,5.0,80.0,6.0,9,1994,49.72493450945248,77.40430977379518,705.8477568940066,353.5648091566019,54133.26171104875
Coriander,Chittoor,5.0,80.0,6.0,9,149,39.96705866328419,79.20403135111233,1588.7823211381842,510.5353645320949,3746.991244816115
Coriander,Chittoor,5.0,80.0,6.0,9,809,48.43389038973157,72.77960917742037,2369.4943392537493,281.5077312060416,17044.68442878045
Coriander,Chittoor,5.0,80.0,6.0,9,1425,41.412991918217585,74.03062663578196,1315.8121899472408,436.6342005271488,44727.683082054835
Coriander,Chittoor,5.0,80.0,6.0,9,1016,46.996485281709425,75.72750195336569,593.6559393150762,156.42105962998727,28440.635939457694
Coriander,Chittoor,5.0,80.0,6.0,9,842,57.693919926248995,82.55024307213434,2016.4687395462252,104.92044266953341,18807.634906619693
Coriander,Chittoor,5.0,80.0,6.0,9,908,39.81379602406449,77.76360239164227,597.7789810109082,625.962560220332,33234.682640529376
Coriander,Chittoor,5.0,80.0,6.0,9,1787,47.32945042072796,68.21444202291465,922.0405170732764,131.21643586107308,36268.22304017328
Coriander,Chittoor,5.0,80.0,6.0,9,1465,42.28093640966174,71.951660785152,2293.7600771462808,274.68233989465426,40899.1687930523
Coriander,Chittoor,5.0,80.0,6.0,9,1971,44.90897025335996,74.86219006177662,2158.536759829247,287.69731406685935,56591.562168493125
Coriander,Chittoor,5.0,80.0,6.0,9,940,47.70170864816122,68.53781760293252,437.83704760177994,734.5062173410877,18413.599152542156
Coriander,Chittoor,5.0,80.0,6.0,9,1564,44.30209074004066,73.04303233755775,1998.0869975995668,160.49722753378254,42792.248433383356
Coriander,Chittoor,5.0,80.0,6.0,9,1522,36.52376152261175,78.62063497880942,2419.467755269811,492.11772842328935,61159.855916639746
Coriander,Chittoor,5.0,80.0,6.0,9,298,45.442748317526195,81.24589400515477,2032.968634160959,537.0978125302097,8099.270968222145
Coriander,Chittoor,5.0,80.0,6.0,9,264,59.55113017193392,72.10448099910796,1739.1841232429638,238.6683429318181,1336.2321521991653
Coriander,Chittoor,5.0,80.0,6.0,9,1083,44.11831452797636,72.93917989397113,2383.4791730251904,777.1493244517926,28052.368693895347
Coriander,Chittoor,5.0,80.0,6.0,9,544,38.7382988373104,70.41994925975895,795.6972458927172,275.6766629382086,16163.443920981092
Coriander,Chittoor,2.0,80.0,5.0,9,426,52.41009853384902,76.7216884521712,2457.1370084024334,259.18664710296525,7640.4136496998435
Coriander,Chittoor,2.0,80.0,5.0,9,127,53.34754327700361,69.08269379040003,1857.237213905491,480.47675213985224,-339.34985084399705
Coriander,Chittoor,2.0,80.0,5.0,9,1065,41.42752923815858,81.55069964941696,1242.9872033350466,198.6717392652385,41289.51754538989
Coriander,Chittoor,2.0,80.0,5.0,9,121,56.399408915535886,78.70435739726574,1317.0502342013358,388.235879109156,993.6126529788198
Coriander,Chittoor,2.0,80.0,5.0,9,736,53.98280910469863,72.64940095690167,2031.3342968188658,178.35514891507123,11528.922157487505
Coriander,Chittoor,2.0,80.0,5.0,9,670,47.021757062327,68.83130524086829,2029.8120386448727,240.9546474951821,12341.630593482616
Coriander,Chittoor,2.0,80.0,5.0,9,490,56.93125680053944,76.71756414535226,1968.5350393120443,627.8753762213148,7098.880183424924
Coriander,Chittoor,2.0,80.0,5.0,9,1778,40.9171505796171,82.04528125043267,2235.0800808933645,709.4048975322048,70181.33135428451
Coriander,Chittoor,2.0,80.0,5.0,9,1504,46.829744260343716,83.759834498254,1998.4274478819789,119.01719485789187,53425.411075077194
Coriander,Chittoor,2.0,80.0,5.0,9,1883,47.134353043495985,82.54752329378496,1485.1439554959713,448.46875562400317,64749.386870174174
Coriander,Chittoor,2.0,80.0,5.0,9,873,44.926384030004755,75.22714910770692,1174.2390590676964,165.3855803827069,25112.943273383586
Coriander,Chittoor,2.0,80.0,5.0,9,808,59.147439693619475,71.26026334604303,1451.3251886284309,300.9965706592029,8034.839751870597
Coriander,Chittoor,2.0,80.0,5.0,9,575,54.17956523494602,72.42306704933434,987.1680241481298,549.8722603706965,8952.973258754457
Coriander,Chittoor,2.0,80.0,5.0,9,337,48.79269281390736,70.52727716536558,1830.9780599713654,655.2829453067781,4838.293921163273
Coriander,Chittoor,2.0,80.0,5.0,9,874,50.72335532734023,73.80961178614416,2273.8099501221614,218.1979446743803,17685.380250198097
Coriander,Chittoor,2.0,80.0,5.0,9,585,39.3770766731702,71.23225069443984,705.2946463236575,725.7927970055093,17204.18935911357
Coriander,Chittoor,2.0,80.0,5.0,9,787,39.650502797334546,75.04517469389359,1653.6556551535643,158.42485949256832,26043.526267945832
Coriander,Chittoor,2.0,80.0,5.0,9,643,38.823455715823805,79.83568531336866,1003.2670313691984,791.8911925884536,24575.705407263686
Coriander,Chittoor,2.0,80.0,5.0,9,1232,59.61864765687595,78.68671998085803,1696.276801158671,216.1684267070495,21579.419875280204
Coriander,Chittoor,2.0,80.0,5.0,9,1225,59.514778988508525,78.4981442883293,585.6181876937787,580.8026983725204,22088.20160621415
Coriander,Chittoor,2.0,80.0,5.0,9,230,48.65759093094423,79.50965795790654,2258.5677166391647,155.58460925012065,4681.823090312046
Coriander,Chittoor,2.0,80.0,5.0,9,744,59.36297735942816,73.38944802977765,952.2775188232936,742.7455997359426,8740.671060180794
Coriander,Chittoor,2.0,80.0,5.0,9,745,53.04582716695948,73.02960181093997,1336.569377652192,675.1458283973302,12876.196903715936
Coriander,Chittoor,2.0,80.0,5.0,9,1999,43.53745907982557,72.06915169885308,2102.3612307172143,715.8753397661867,54216.6169749526
Coriander,Chittoor,2.0,80.0,5.0,9,1921,40.170278235257854,79.3922243252925,2117.1520679577798,170.44623496647333,73057.76013603232
Coriander,Chittoor,1.0,80.0,2.0,9,1080,46.0828494683454,82.48575798844593,1927.27686159888,233.8822925402107,37153.98204756947
Coriander,Chittoor,1.0,80.0,2.0,9,1198,51.62754203716018,77.9348570796549,1075.2248825412398,689.013287159332,29751.9252512081
Coriander,Chittoor,1.0,80.0,2.0,9,1774,56.24969583376138,72.0635979931524,368.4543198181869,617.5063146153412,27067.90179632613
Coriander,Chittoor,1.0,80.0,2.0,9,1189,43.55807012671122,68.06107414598955,1799.672861283564,216.99240802985486,27117.40650960851
Coriander,Chittoor,1.0,80.0,2.0,9,1783,41.45230936856436,81.39265800388705,914.4073945997029,550.0173370410953,69749.21688513955
Coriander,Chittoor,1.0,80.0,2.0,9,615,56.79327634203221,71.44847790066132,1092.8312038467648,147.9537846388857,7772.163970071255
Coriander,Chittoor,1.0,80.0,2.0,9,1436,43.29471362977737,78.45060464850053,2364.270600586662,709.8431375841365,47409.74576471565
Coriander,Chittoor,1.0,80.0,2.0,9,650,55.37750472815883,68.94550224125206,2277.4642539965444,555.5379832911232,5986.196146222937
Coriander,Chittoor,1.0,80.0,2.0,9,745,52.097575485740016,76.96705009568704,544.1768322696583,412.9388806644978,17570.642871476375
Coriander,Chittoor,1.0,80.0,2.0,9,649,41.44152919016425,74.1057910378752,583.4671664005607,388.9327904862182,20226.70598227763
Coriander,Chittoor,1.0,80.0,2.0,9,1969,47.49768151448043,68.28800142312343,1227.1768914743443,119.02251126359091,39589.94049738014
Coriander,Chittoor,1.0,80.0,2.0,9,713,42.72089590921175,81.73346682878594,942.8801070161751,737.5391131507406,26135.54384548948
Coriander,Chittoor,1.0,80.0,2.0,9,1549,52.78356900302889,81.43137455201227,2459.957125173381,534.9411480774706,41380.5525221244
Coriander,Chittoor,1.0,80.0,2.0,9,1196,43.3140262892672,81.27031463774156,919.3466365128459,710.9276876962896,43765.4465405662
Coriander,Chittoor,1.0,80.0,2.0,9,497,41.24263638919937,69.9239556241868,450.35005817097283,284.3210486272401,13519.944552990542
Coriander,Chittoor,1.0,80.0,2.0,9,364,36.29769687065556,75.5002874474321,962.7835736720008,518.8502390084311,12788.10915726623
Coriander,Chittoor,1.0,80.0,2.0,9,1862,41.43243586419566,79.68393835344233,1617.3782520436812,145.14388987441728,69461.77549305919
Coriander,Chittoor,1.0,80.0,2.0,9,1087,56.454332985388355,78.6848749316225,1605.0874542362455,724.6117486977565,21834.89989262251
Coriander,Chittoor,1.0,80.0,2.0,9,1250,51.02822811823532,76.50106432908895,2143.934803814234,299.70323685012147,29397.40722290268
Coriander,Chittoor,1.0,80.0,2.0,9,367,49.98736404200375,83.92700025906096,2182.5314064425866,465.01198233051264,9808.303102886897
Coriander,Chittoor,1.0,80.0,2.0,9,1448,42.05537399614576,71.52360482203704,1374.4241837624652,616.2960243649787,40679.27802776314
Coriander,Chittoor,1.0,80.0,2.0,9,1324,57.831043666478216,78.70720420700926,2124.4309584968623,715.2852301975871,24800.320366968663
Coriander,Chittoor,1.0,80.0,2.0,9,1188,36.60340699865455,79.11120729809134,480.85554016591965,737.4736056045977,49280.9376099604
Coriander,Chittoor,1.0,80.0,2.0,9,273,54.57311173752375,77.6307748962421,2263.5512379006614,410.3660100654314,3620.8247943640163
Coriander,Chittoor,1.0,80.0,2.0,9,331,58.75459968411461,75.12393779655662,2035.364980591791,547.7238928243773,2835.162041802134
Cucumber,Kurnool,20.0,30.0,12.0,3,1946,18.111273997912114,26.125348816850085,1145.9249208185875,441.36694803488507,14008.097728799818
Cucumber,Kurnool,20.0,30.0,12.0,3,953,15.864080783387866,27.12941258850624,1340.3736921839907,788.6882189988065,8606.799299095015
Cucumber,Kurnool,20.0,30.0,12.0,3,1707,19.206936282386984,25.92559329680264,859.6614778520634,353.2971652435971,10255.788880511864
Cucumber,Kurnool,20.0,30.0,12.0,3,879,18.936645093640973,30.944280988277082,825.4846528842409,428.7492422764963,9300.478056224409
Cucumber,Kurnool,20.0,30.0,12.0,3,540,16.482123063927457,28.392246348672494,731.4149680244645,527.5460497530378,5172.505555984817
Cucumber,Kurnool,20.0,30.0,12.0,3,848,17.768595783881345,29.04520464762625,1481.4164743729884,697.895198355353,7383.252643727341
Cucumber,Kurnool,20.0,30.0,12.0,3,980,15.47161928191672,25.720328175004926,537.656659087521,337.20245453712613,9168.875601601798
Cucumber,Kurnool,20.0,30.0,12.0,3,440,17.446846396836918,26.811059006124783,1172.9530635898964,131.0714405195981,2816.2290439771677
Cucumber,Kurnool,20.0,30.0,12.0,3,332,17.073135371134725,26.022556600774628,1657.5463354591627,179.68687543362097,1133.9746373476646
Cucumber,Kurnool,20.0,30.0,12.0,3,918,21.41876409625044,28.94867732558649,365.2700907424276,572.7941452829625,5974.396108505105
Cucumber,Kurnool,20.0,30.0,12.0,3,1617,22.435351550991633,26.28893471938789,904.4093561429429,376.20325291835246,4950.631374235461
Cucumber,Kurnool,20.0,30.0,12.0,3,1743,20.068742779636306,30.793551336569084,1776.0746104335174,280.72127793381844,16636.5454263665
Cucumber,Kurnool,20.0,30.0,12.0,3,544,16.284354460765037,30.44274230532777,2401.1331252669756,674.8387977851586,4626.191064389994
Cucumber,Kurnool,20.0,30.0,12.0,3,619,21.265924526211712,25.5126230590553,1878.6586744095075,680.7112898056753,69.33642761499868
Cucumber,Kurnool,20.0,30.0,12.0,3,1812,18.93415907654449,29.619539480955645,551.8728037449912,368.6872181314856,18441.349270916537
Cucumber,Kurnool,20.0,30.0,12.0,3,738,19.463980617534197,26.053708752439544,1611.9073414928102,484.70855970550053,2766.603462361836
Cucumber,Kurnool,20.0,30.0,12.0,3,1236,14.1390689807993,25.98108008449142,1080.4968420391651,759.2079981332475,12797.020883991048
Cucumber,Kurnool,20.0,30.0,12.0,3,1058,19.314865575045566,29.378700540747644,2253.685941592259,519.0846816233682,7874.766770497172
Cucumber,Kurnool,20.0,30.0,12.0,3,1009,19.22486441768588,30.97972168545742,1647.6616303586022,711.5890154264415,9501.40033739644
Cucumber,Kurnool,20.0,30.0,12.0,3,1207,19.240893833972706,29.945887501647473,1465.9813504381211,680.3124127818437,10774.633593663482
Cucumber,Kurnool,20.0,30.0,12.0,3,1473,14.779234114141119,25.570239664385422,1228.475372280806,306.5284953579094,14360.147307871146
Cucumber,Kurnool,20.0,30.0,12.0,3,1956,14.259531424900882,27.896212490368146,2302.2962009206954,665.615840934587,23705.436122198687
Cucumber,Kurnool,20.0,30.0,12.0,3,1250,16.588506178553924,29.875040925296688,1735.0416269022674,691.9230540929348,14181.203752433252
Cucumber,Kurnool,20.0,30.0,12.0,3,1561,21.166571131865528,27.923387185020744,470.7522184091699,479.77405797257603,9596.863582593542
Cucumber,Kurnool,20.0,30.0,12.0,3,1757,18.812569886578437,26.85767464928539,1145.327164302239,415.0863528273525,12574.835550946525
Cucumber,Kurnool,15.0,30.0,20.0,4,1295,21.749717122570864,28.085911323079777,1001.5070003065055,507.5391226158797,6696.325366736659
Cucumber,Kurnool,15.0,30.0,20.0,4,1948,13.746782789753919,27.857845352071745,1456.7877175213123,458.1769706070582,25573.385183266757
Cucumber,Kurnool,15.0,30.0,20.0,4,1791,17.374764046159868,26.355564864491452,2258.2134774043784,342.11422251650015,13484.286565710987
Cucumber,Kurnool,15.0,30.0,20.0,4,1271,16.55791944436006,28.60343629028599,1133.6026117293918,104.69727321284196,14071.552026229623
Cucumber,Kurnool,15.0,30.0,20.0,4,1106,14.14540699962886,27.95777336937139,984.6784891394659,573.9844478145066,13717.81426798127
Cucumber,Kurnool,15.0,30.0,20.0,4,424,18.279768103967186,30.55034017046806,1576.4873413270645,491.7819113865579,3134.453303482749
Cucumber,Kurnool,15.0,30.0,20.0,4,1154,19.694468122022133,26.343317805470164,1368.2973392506751,119.27570390862584,6185.199491539726
Cucumber,Kurnool,15.0,30.0,20.0,4,542,18.28721435871837,26.314734282383622,518.4648460581245,246.204849494018,3586.2461030744253
Cucumber,Kurnool,15.0,30.0,20.0,4,462,16.991880839521826,26.460149618779162,351.374611922009,629.3495297651237,3393.6160343297543
Cucumber,Kurnool,15.0,30.0,20.0,4,1010,17.890660774731657,26.28028669506683,2138.0565200411206,359.27789039271454,5976.18776910469
Cucumber,Kurnool,15.0,30.0,20.0,4,223,16.325700456396177,30.830422033852088,1626.4743282548154,678.6951518190413,929.3834316988123
Cucumber,Kurnool,15.0,30.0,20.0,4,468,14.293815334108837,29.14126404946158,633.4854443137359,121.65635131193937,6193.4642031594085
Cucumber,Kurnool,15.0,30.0,20.0,4,1859,16.563483938290553,28.74844564408551,639.1190949926715,487.5980397506078,21525.12667632955
Cucumber,Kurnool,15.0,30.0,20.0,4,773,15.015032603272171,26.981444560005514,2144.808272786222,349.32995298231594,6755.898216786334
Cucumber,Kurnool,15.0,30.0,20.0,4,1477,15.834014075853851,26.66774302022923,426.82468083785477,339.71358518429935,15234.879384820288
Cucumber,Kurnool,15.0,30.0,20.0,4,1103,15.615334933234426,30.484131063120465,1498.620846599411,215.66943530982223,14685.991849355076
Cucumber,Kurnool,15.0,30.0,20.0,4,1403,22.497424237403226,26.40312894998048,2096.8652462629616,245.11630223129058,3137.7221632516375
Cucumber,Kurnool,15.0,30.0,20.0,4,608,22.444635500097284,30.781888572893564,1671.4931079507683,498.5641528275979,2898.992607481774
Cucumber,Kurnool,15.0,30.0,20.0,4,861,17.653009606985812,29.88490817227085,625.5651242048365,696.7904473310874,9209.309093174492
Cucumber,Kurnool,15.0,30.0,20.0,4,712,18.387221255618968,26.866498416619258,2420.8634637641303,736.6182276560694,2879.7636472120066
Cucumber,Kurnool,15.0,30.0,20.0,4,366,16.68114666492104,28.250798547415545,383.5594392376776,622.1020270389084,3228.831122716402
Cucumber,Kurnool,15.0,30.0,20.0,4,1610,14.623387325701636,30.26526397529643,906.6886501529852,713.9634067127323,23562.769348981903
Cucumber,Kurnool,15.0,30.0,20.0,4,1647,22.22646954163286,31.19467285853664,1428.3853155238346,165.57069449413714,13176.674852922566
Cucumber,Kurnool,15.0,30.0,20.0,4,919,21.271927702630904,29.03238913278792,1125.725797423124,300.04848886810913,5706.089768023063
Cucumber,Kurnool,15.0,30.0,20.0,4,1540,18.56440529120105,28.14734228193196,1632.6616669059247,743.1142974244641,12381.947001395205
Cucumber,Kurnool,15.0,30.0,15.0,8,598,18.695511263098183,30.693462873747315,2457.626555883545,385.30894600167187,4331.8395612829645
Cucumber,Kurnool,15.0,30.0,15.0,8,1810,20.380750151892457,28.94117370873344,2403.303715946253,240.33216086988196,12850.730761066043
Cucumber,Kurnool,15.0,30.0,15.0,8,1452,14.035244119805528,25.51900709148421,1708.4362854311723,308.9044386533137,14657.083110792959
Cucumber,Kurnool,15.0,30.0,15.0,8,939,14.062118342571644,30.800788577916364,1286.3019218127288,457.30274230296254,13974.006686873
Cucumber,Kurnool,15.0,30.0,15.0,8,1617,15.486709396075035,29.904178575535838,1977.7120683271855,750.4801786050605,20584.85541625587
Cucumber,Kurnool,15.0,30.0,15.0,8,1849,20.004362619284056,29.655194589222646,595.757284697868,309.5769118601769,16939.054115858416
Cucumber,Kurnool,15.0,30.0,15.0,8,1327,20.739934869115544,27.172559234487316,763.550920507847,770.2136133266673,7002.327999013825
Cucumber,Kurnool,15.0,30.0,15.0,8,1426,22.4149142949312,26.70390610442257,2488.2270114319954,162.8685079979418,3465.0068009047536
Cucumber,Kurnool,15.0,30.0,15.0,8,641,13.62883749900354,29.92721711136918,2135.118113401487,618.3332923674634,7693.809925757425
Cucumber,Kurnool,15.0,30.0,15.0,8,1672,13.550992330766105,31.122546170752766,2108.238599067845,666.4282197973217,26604.971201592532
Cucumber,Kurnool,15.0,30.0,15.0,8,356,21.11329295709959,29.18162468542475,494.9303707332939,441.3394667670476,1936.056257783417
Cucumber,Kurnool,15.0,30.0,15.0,8,1041,16.02301014712369,29.624438184817425,353.89658618883516,314.2961386157152,13490.89386243463
Cucumber,Kurnool,15.0,30.0,15.0,8,1707,14.498982889121834,30.349411260055334,2384.9136571218355,150.62153268055704,24521.146039381092
Cucumber,Kurnool,15.0,30.0,15.0,8,1696,14.408470799797694,30.71366551367487,1799.8470169983548,179.0521498802079,25674.711067857123
Cucumber,Kurnool,15.0,30.0,15.0,8,261,20.65063990041674,29.74251886360019,410.4972252207423,151.03128475753246,1811.4518994126056
Cucumber,Kurnool,15.0,30.0,15.0,8,1136,19.50168978912841,26.766674826996816,2199.481687085404,380.91421695379853,5672.627098979305
Cucumber,Kurnool,15.0,30.0,15.0,8,1338,21.863052482686683,27.930616167165397,2293.4442046914937,325.04699087351736,5499.909014267505
Cucumber,Kurnool,15.0,30.0,15.0,8,1688,21.08007671709553,28.793882696649852,782.4027162325266,123.5684247497109,12114.933352505454
Cucumber,Kurnool,15.0,30.0,15.0,8,1526,16.72032675702194,29.38690467594317,570.4254926238526,722.061356185779,18036.711055464162
Cucumber,Kurnool,15.0,30.0,15.0,8,1146,21.302401215166952,28.223681088650142,2107.150381613705,488.2601436245669,5336.376209773462
Cucumber,Kurnool,15.0,30.0,15.0,8,759,19.64355499101062,26.951590081893176,1870.6957915144976,675.7743560689378,3000.3284863964254
Cucumber,Kurnool,15.0,30.0,15.0,8,507,16.10973107049248,28.87973358572289,563.8981246525578,741.7541834916345,5168.7389670776265
Cucumber,Kurnool,15.0,30.0,15.0,8,875,15.94268442402043,28.480172536907677,925.4030044405367,193.6798540997852,9851.21924023602
Cucumber,Kurnool,15.0,30.0,15.0,8,453,19.995493974454615,27.129282284467454,1185.3826023540717,171.92377671669635,1874.2997253650483
Cucumber,Kurnool,15.0,30.0,15.0,8,1364,18.100162253135068,25.781111451165618,907.5730272059789,594.8835412190012,8974.358137688694
Cucumber,Kurnool,1.0,30.0,15.0,9,1466,18.74939866031741,28.301807999781662,1048.815641872678,758.3139540153207,12196.702495766593
Cucumber,Kurnool,1.0,30.0,15.0,9,1955,16.34643134756376,26.11135432839608,1092.5146213609414,289.27530046916786,17708.634505697068
Cucumber,Kurnool,1.0,30.0,15.0,9,1797,16.320131258266287,30.233594830656045,2262.118718583616,403.67219370357066,22336.70312729721
Cucumber,Kurnool,1.0,30.0,15.0,9,276,16.895822952656914,31.11792692381494,1785.3081345292699,181.2158769437185,1958.7766845666274
Cucumber,Kurnool,1.0,30.0,15.0,9,570,17.944326364112356,27.82589283273388,1691.966133246922,592.6999641440318,3347.8267897233145
Cucumber,Kurnool,1.0,30.0,15.0,9,1005,14.752042640019788,27.025388302492175,2226.1246984157556,227.96506565983032,9880.622626709162
Cucumber,Kurnool,1.0,30.0,15.0,9,1659,20.349340112257046,31.204636246388027,1845.5891033765754,308.6365460476102,15854.710637099117
Cucumber,Kurnool,1.0,30.0,15.0,9,632,17.778659470650663,29.306038438267226,2498.8257460743876,173.36564549830047,4613.1121159609775
Cucumber,Kurnool,1.0,30.0,15.0,9,1625,22.111198339358573,28.502406874261208,1252.00409924335,420.38972361150576,8713.320046361929
Cucumber,Kurnool,1.0,30.0,15.0,9,1781,19.209817307579254,30.12468370958328,306.3387536643521,701.2696797944407,18431.768628510385
Cucumber,Kurnool,1.0,30.0,15.0,9,1136,17.24853988713491,30.433079320898543,2170.76560246377,248.39583828906063,12558.475356002658
Cucumber,Kurnool,1.0,30.0,15.0,9,428,21.327868590135395,29.882978165752743,1724.9689763384272,657.3684168939981,1279.2495051317983
Cucumber,Kurnool,1.0,30.0,15.0,9,1978,18.969769100274505,27.271808865430994,600.5219880325798,556.1478323340937,15264.764835112866
Cucumber,Kurnool,1.0,30.0,15.0,9,373,20.13386895388846,31.34755086801198,414.8369838989376,577.5357164386273,3190.330653630508
Cucumber,Kurnool,1.0,30.0,15.0,9,921,15.292937474046479,30.841290015817048,932.3011122242754,357.45019142930704,13030.28138731711
Cucumber,Kurnool,1.0,30.0,15.0,9,1436,20.90978486838646,30.192092009597808,1496.3726013057221,169.90677479532474,11663.113678678448
Cucumber,Kurnool,1.0,30.0,15.0,9,1709,13.632240497894585,27.774564292031616,1042.1602028920038,113.52934164232073,23013.541819645867
Cucumber,Kurnool,1.0,30.0,15.0,9,967,22.039613602480173,25.688530929067635,1919.6409351336763,331.16994553548375,1277.692174140917
Cucumber,Kurnool,1.0,30.0,15.0,9,1903,18.856185074151135,25.559542926767016,1321.0093507977085,774.4494686213118,10661.031174108997
Cucumber,Kurnool,1.0,30.0,15.0,9,1311,17.078828216328326,30.073854192131634,1300.8215569166914,287.0768408555167,15448.580656505925
Cucumber,Kurnool,1.0,30.0,15.0,9,564,18.19166442888725,31.356082939675286,576.2104724778374,111.86336542270669,6736.658202183908
Cucumber,Kurnool,1.0,30.0,15.0,9,1822,16.94322291213572,27.70640190483066,699.8262195608186,404.8553378305335,18505.830567298828
Cucumber,Kurnool,1.0,30.0,15.0,9,1859,16.139777497025083,30.13885124351203,1439.5131609676737,343.66691521780166,24241.09801853376
Cucumber,Kurnool,1.0,30.0,15.0,9,1761,18.635846614928415,28.908555074027202,1758.616161511907,483.86742533695775,15847.756009624092
Cucumber,Kurnool,1.0,30.0,15.0,9,1351,21.123547442855095,25.641569787873173,2276.8333302846468,648.2388893090382,3178.775968525737
Cucumber,Kurnool,1.0,30.0,1.0,9,828,16.12029823006661,26.74256950905943,635.1211284578933,729.6186487822712,7430.500841765892
Cucumber,Kurnool,1.0,30.0,1.0,9,588,21.93640594347889,29.11975083428966,1341.4819392888076,141.80154227962254,2740.523314228303
Cucumber,Kurnool,1.0,30.0,1.0,9,1341,18.73987883791408,31.441253361525728,826.1493111209347,471.5161487007851,15734.877776341502
Cucumber,Kurnool,1.0,30.0,1.0,9,1079,18.400340995202367,31.27661010151924,466.3310893568517,355.97652378295993,13071.18675257609
Cucumber,Kurnool,1.0,30.0,1.0,9,1694,20.030644802469745,29.218407428598535,2271.3652459480613,693.0361073235072,12599.668535390607
Cucumber,Kurnool,1.0,30.0,1.0,9,606,18.704685594783246,26.381776257529257,2084.472293853636,545.16829501461,2022.676352755836
Cucumber,Kurnool,1.0,30.0,1.0,9,1106,14.974929214024339,29.356913488801048,2081.69241219329,763.1766747105128,13061.605520999234
Cucumber,Kurnool,1.0,30.0,1.0,9,1225,16.114540551042783,28.319929608947618,2258.3105022712325,595.4049451872693,12097.886148474921
Cucumber,Kurnool,1.0,30.0,1.0,9,1365,19.710869024140592,31.083640829079222,1394.0873815717393,261.1756444973603,13868.570487672128
Cucumber,Kurnool,1.0,30.0,1.0,9,347,14.70847365812048,31.247604726340626,1465.2513926803638,269.32530587902244,4004.501782113003
Cucumber,Kurnool,1.0,30.0,1.0,9,1696,22.041640766833595,31.273861217926708,1665.9988984789577,750.062200910418,13241.784785664539
Cucumber,Kurnool,1.0,30.0,1.0,9,545,17.63698383362395,28.77946285219377,1252.1952048608323,130.72995985010357,4689.725900409616
Cucumber,Kurnool,1.0,30.0,1.0,9,1089,21.275654226615092,28.38800025921399,2274.884279891505,572.0442853164282,4898.416264292264
Cucumber,Kurnool,1.0,30.0,1.0,9,1844,22.33073276247704,30.25885724398044,2178.3268277502675,269.38399122193175,12171.750724920072
Cucumber,Kurnool,1.0,30.0,1.0,9,1705,14.480039825829351,29.319231880520128,1396.1192010984005,384.6718489990082,23520.031403150362
Cucumber,Kurnool,1.0,30.0,1.0,9,1822,22.330293586126395,28.917238677402622,870.9919229873988,405.8971199659346,10724.524913351954
Cucumber,Kurnool,1.0,30.0,1.0,9,1142,15.084859241975352,26.78374223212942,328.66504906558424,109.93303457703702,12921.526291113325
Cucumber,Kurnool,1.0,30.0,1.0,9,719,20.633356046595452,30.947392762677715,2376.143504204486,772.094923083813,4267.553971574849
Cucumber,Kurnool,1.0,30.0,1.0,9,344,22.076071163980448,31.30231608855621,1164.1463067805553,697.9553344386077,1311.7266128349002
Cucumber,Kurnool,1.0,30.0,1.0,9,577,19.964980578348037,26.9840418949145,1709.3534038075522,566.6203353326334,1774.0246405186663
Cucumber,Kurnool,1.0,30.0,1.0,9,286,22.14151006255871,30.081474413199437,2181.455367040414,522.1450143193615,-432.77057707652784
Cucumber,Kurnool,1.0,30.0,1.0,9,520,13.58134622171363,27.642176063820074,2337.6269505499204,260.07374572252616,4713.930821622904
Cucumber,Kurnool,1.0,30.0,1.0,9,270,13.914510607709607,30.348475694134976,691.3538729078516,460.27853198500725,3285.538168441991
Cucumber,Kurnool,1.0,30.0,1.0,9,1043,14.358593495818896,28.072212125918604,364.1734800195818,436.6231026221063,13502.507648552306
Cucumber,Kurnool,1.0,30.0,1.0,9,1776,13.503985032934871,30.90829857985161,638.3754542115371,793.0604632472374,29478.624941865353
Guava,Rajahmundry,12.0,55.0,8.0,8,645,41.13870775447891,47.24402428895177,1974.2174316898625,360.20684648164024,1603.5048865634926
Guava,Rajahmundry,12.0,55.0,8.0,8,1079,26.246908086876363,47.10879743175723,426.9464425149775,411.0557444690601,21671.97641614242
Guava,Rajahmundry,12.0,55.0,8.0,8,1981,30.642499128458297,55.41303994444657,852.2030431770605,494.85182018346245,47723.386493112244
Guava,Rajahmundry,12.0,55.0,8.0,8,1214,31.607464282471035,56.06998834494046,2284.920087616924,714.148928543682,26698.43519567728
Guava,Rajahmundry,12.0,55.0,8.0,8,1527,26.429760768667357,52.31553698508425,785.8761225186197,127.25097432796721,38614.45318562201
Guava,Rajahmundry,12.0,55.0,8.0,8,1316,27.641159239746152,56.28447389956601,921.4532367494586,765.321419402707,36007.827436170766
Guava,Rajahmundry,12.0,55.0,8.0,8,808,36.61613829958539,52.94657106236351,1240.5040289218457,328.43690165239104,11626.048741750485
Guava,Rajahmundry,12.0,55.0,8.0,8,502,27.122936780194426,51.4811316418278,2288.266657905313,692.0946853219774,9247.452477312665
Guava,Rajahmundry,12.0,55.0,8.0,8,1768,31.670891900295672,55.3340205330757,1347.9386132624174,448.2778965022715,40040.194912990395
Guava,Rajahmundry,12.0,55.0,8.0,8,727,28.123604619902743,49.55839984154325,950.5282828915292,515.6617365667308,14116.906106674385
Guava,Rajahmundry,12.0,55.0,8.0,8,1681,28.16675085197911,47.53274113690776,451.8167037481959,758.5491643521756,31343.86380086468
Guava,Rajahmundry,12.0,55.0,8.0,8,520,32.340039527083185,47.795583500859614,2118.8428896577434,133.34888020555462,5784.691096500446
Guava,Rajahmundry,12.0,55.0,8.0,8,1287,36.194697948317625,55.232350974370746,1740.2315111051,206.11655236006956,22555.111381065202
Guava,Rajahmundry,12.0,55.0,8.0,8,532,33.645060120144144,49.85719669007004,1235.5020079629267,126.29976327923517,7263.054883958419
Guava,Rajahmundry,12.0,55.0,8.0,8,353,33.77055858918668,52.60223846882677,1598.9483976099252,142.93166895029782,4905.702930952728
Guava,Rajahmundry,12.0,55.0,8.0,8,1449,25.651467930016043,57.45385979269567,797.4757287492782,312.9391037453966,44971.2509765281
Guava,Rajahmundry,12.0,55.0,8.0,8,1440,31.968451789035463,56.460078187407646,414.1820758920798,233.78309664720183,34619.97684111666
Guava,Rajahmundry,12.0,55.0,8.0,8,943,28.45084247420324,54.043519109837646,1932.1719193091733,693.8977653633673,21507.8243827307
Guava,Rajahmundry,12.0,55.0,8.0,8,1466,34.80891169233888,56.60644879622941,2099.658848105125,276.96952426244036,29578.561021935944
Guava,Rajahmundry,12.0,55.0,8.0,8,305,26.81838185057436,50.45661198289202,2498.9966211820074,384.0258180305427,4326.637751144335
Guava,Rajahmundry,12.0,55.0,8.0,8,1651,37.19509628475433,51.07514721130714,1599.403234788203,562.7099779731242,20753.850866977366
Guava,Rajahmundry,12.0,55.0,8.0,8,1694,31.588750306399163,55.042126706261406,345.47701156218983,288.3137527588174,39096.22885704563
Guava,Rajahmundry,12.0,55.0,8.0,8,353,34.38225087848284,57.224439642673545,393.32905605516174,285.72829628882687,7384.235281415327
Guava,Rajahmundry,12.0,55.0,8.0,8,1959,40.41194234336345,53.703754491051036,585.8710189894707,492.0641882103768,24960.72479012012
Guava,Rajahmundry,12.0,55.0,8.0,8,852,33.22859865941167,52.347796111501616,1112.4176944741903,753.0474037987705,14424.09113090768
Guava,Rajahmundry,10.0,55.0,12.0,8,1211,27.373912561714313,48.732153295409624,516.116982815977,662.462675904454,24686.249869784595
Guava,Rajahmundry,10.0,55.0,12.0,8,1106,36.21082454967921,54.76879167821399,2195.7199883321596,291.8501125395337,18037.541543287763
Guava,Rajahmundry,10.0,55.0,12.0,8,862,25.60627244205378,48.31387491374285,769.465365546517,565.6023359668837,18238.88562908258
Guava,Rajahmundry,10.0,55.0,12.0,8,344,38.882864191840795,54.46286847749286,1899.5248755538582,493.45095608179975,2966.545642628651
Guava,Rajahmundry,10.0,55.0,12.0,8,282,33.81361122942172,50.1818242235906,1361.5009245177935,454.67085428792205,2799.6642855499103
Guava,Rajahmundry,10.0,55.0,12.0,8,963,36.86832487924726,50.977905423765485,355.4255107103046,687.2981294026075,12544.802424258138
Guava,Rajahmundry,10.0,55.0,12.0,8,587,37.90953144886379,53.52503107244393,2155.211800060085,168.26002794862822,6842.826451032826
Guava,Rajahmundry,10.0,55.0,12.0,8,827,36.3803716657158,55.73840956217144,1502.146695371264,776.9246926793023,13730.025952318254
Guava,Rajahmundry,10.0,55.0,12.0,8,438,31.838333069005067,50.14717866408075,1360.9815947548227,182.9446511378804,6475.348124750446
Guava,Rajahmundry,10.0,55.0,12.0,8,1363,37.95005744910074,52.829777832904,1172.418100377919,192.2005200053655,18916.440262740558
Guava,Rajahmundry,10.0,55.0,12.0,8,1581,38.095034745298385,54.19867653703441,1675.0642093874526,321.584765687509,23463.208697659684
Guava,Rajahmundry,10.0,55.0,12.0,8,1145,35.84959940444682,55.5134953691051,851.0293773434978,537.4118697248992,21126.719632465334
Guava,Rajahmundry,10.0,55.0,12.0,8,550,38.78622429997996,57.55096267884194,1681.5854417290159,273.25705119828837,8365.763615446784
Guava,Rajahmundry,10.0,55.0,12.0,8,1963,25.60529068547553,52.78744531585091,932.7920038960921,314.74361966549884,52111.03391586527
Guava,Rajahmundry,10.0,55.0,12.0,8,1406,31.54231509753559,57.03493875022642,1247.1884609158178,714.5891478893844,33880.851246878105
Guava,Rajahmundry,10.0,55.0,12.0,8,1192,25.87782780511432,55.37135826732518,928.6683141039532,402.93681571948383,33824.6831811319
Guava,Rajahmundry,10.0,55.0,12.0,8,118,35.929425600808315,47.54322202222378,751.8830986516646,367.00872898931806,251.53615008604265
Guava,Rajahmundry,10.0,55.0,12.0,8,388,35.33861755542621,54.13627063533928,1691.0207380028075,239.29449727160576,5363.174159731858
Guava,Rajahmundry,10.0,55.0,12.0,8,1526,37.70693539001425,53.36212965186761,2478.7959203964183,327.67773414718636,21083.352789044613
Guava,Rajahmundry,10.0,55.0,12.0,8,930,31.87831230530935,57.53405615036404,448.50560270440826,463.0906960664165,22948.245477130033
Guava,Rajahmundry,10.0,55.0,12.0,8,116,26.45150247973325,52.77563163821652,2453.706515490429,488.8467968741021,111.04567001952728
Guava,Rajahmundry,10.0,55.0,12.0,8,1205,36.37514806245285,51.400015005833254,1062.3531694959802,378.3286649870094,16664.282832290395
Guava,Rajahmundry,10.0,55.0,12.0,8,1118,34.74046404203767,52.43468933040974,1928.3550112752189,541.4903298111495,17312.298531313594
Guava,Rajahmundry,10.0,55.0,12.0,8,1915,35.58647504733019,57.40391064869882,1628.0018412306251,153.8856269454764,39998.50170844482
Guava,Rajahmundry,10.0,55.0,12.0,8,768,40.02111642955603,47.50167515330165,1246.8244493197453,587.0582343588114,3911.186416158078
Mango,Nellore,6.0,95.0,8.0,6,502,60.52399018127258,93.07159158225508,888.2844612865908,110.57747895013253,15340.033963056492
Mango,Nellore,6.0,95.0,8.0,6,1958,53.38790471218863,91.45953944954648,1291.510244865609,570.4392271265774,72682.3113437545
Mango,Nellore,6.0,95.0,8.0,6,1449,51.66786073508897,85.90082882151725,1614.870221945947,706.266943528184,47282.43359176045
Mango,Nellore,6.0,95.0,8.0,6,1188,46.08638218058881,89.28261015520799,1646.9679316760582,249.1595060793657,49420.99139609216
Mango,Nellore,6.0,95.0,8.0,6,1046,67.91532400764854,84.60002004857151,1592.6889164406841,590.7977160922316,15268.705426272514
Mango,Nellore,6.0,95.0,8.0,6,124,44.18893491575363,92.67224486390131,1148.3497283044258,755.3869975892534,4108.193707676634
Mango,Nellore,6.0,95.0,8.0,6,1260,55.58224601507237,98.94403928659253,1177.8776988133563,687.8611246650987,52770.120698636936
Mango,Nellore,6.0,95.0,8.0,6,717,63.823134550192385,84.8286894154782,1762.9879357231023,448.6282751398083,12849.366627547017
Mango,Nellore,6.0,95.0,8.0,6,1918,55.10710959002951,82.50988417797598,1946.445569287709,740.1840646939912,49871.89202569962
Mango,Nellore,6.0,95.0,8.0,6,466,50.12328180143007,89.00366306112558,1891.5851992700022,106.33791310625969,16120.334554641846
Mango,Nellore,6.0,95.0,8.0,6,1371,49.28140060960362,91.14064335164484,1775.4861558411162,590.6073451030024,55022.928298394385
Mango,Nellore,6.0,95.0,8.0,6,1616,45.354657360455626,84.53613639286921,2230.43410263986,617.1062055085964,60469.7298082319
Mango,Nellore,6.0,95.0,8.0,6,1170,43.59086557163837,87.51344961727949,334.78903171251653,154.0016179777073,50900.6326837099
Mango,Nellore,6.0,95.0,8.0,6,901,44.53199942867111,89.46986981533958,1912.0136445295632,524.7122073022056,38052.29536655652
Mango,Nellore,6.0,95.0,8.0,6,430,59.701891618317006,87.82180744467917,1032.6767179718763,719.4750157264115,10339.412071637438
Mango,Nellore,6.0,95.0,8.0,6,738,66.20503844369037,98.47149965452247,1497.358725450135,240.19741250733813,22075.09223563662
Mango,Nellore,6.0,95.0,8.0,6,969,63.922122569536256,94.77043047372648,1447.1878531671362,147.92110353350463,28296.90140245969
Mango,Nellore,6.0,95.0,8.0,6,589,54.933626035167634,84.66813069659865,2059.3812807226946,333.5247523203302,15120.71721253985
Mango,Nellore,6.0,95.0,8.0,6,895,68.83482977015795,97.08665287243424,377.01741257497247,651.1613415035739,24257.202922458746
Mango,Nellore,6.0,95.0,8.0,6,869,60.7120457545005,85.46928856612095,1852.0138266236697,399.32093359233613,19262.709243082165
Mango,Nellore,6.0,95.0,8.0,6,519,57.998226881069584,83.49336501053968,2024.772189116582,393.57272816688015,10813.631771911514
Mango,Nellore,6.0,95.0,8.0,6,162,51.0829186467475,89.18446963562118,348.2093233050197,310.7322544840191,5513.509682408498
Mango,Nellore,6.0,95.0,8.0,6,355,54.36753645242019,89.67098529883339,362.2848036858691,247.0205446613971,11923.418992129416
Mango,Nellore,6.0,95.0,8.0,6,1252,64.53656075015188,88.53375001414386,1741.3821719535438,282.16561858966054,28020.933167974756
Mango,Nellore,6.0,95.0,8.0,6,1161,45.93859757165003,90.5620633761536,2030.3492412598634,759.7719152640817,49017.722642504705
Mango,Nellore,6.0,95.0,6.0,8,341,67.87818243753998,96.21838802623208,1807.295481723865,177.30230438777187,7679.412319632371
Mango,Nellore,6.0,95.0,6.0,8,168,42.976985535245355,98.31666005215929,1275.2743209377857,487.36613150602335,7534.4248663977305
Mango,Nellore,6.0,95.0,6.0,8,1788,52.92125029237664,87.47199401599228,2122.822315393379,652.50499382378,59001.4024686076
Mango,Nellore,6.0,95.0,6.0,8,1434,48.907713312975844,96.12716356742,2029.9870127352592,542.5516184277643,65140.15303370988
Mango,Nellore,6.0,95.0,6.0,8,1300,57.160573372525825,98.6312954381398,2227.9027529130854,171.79757380851288,51512.23835857658
Mango,Nellore,6.0,95.0,6.0,8,236,44.96276211568026,96.49855424880622,1067.5581650920117,465.1195772079507,10629.769201117762
Mango,Nellore,6.0,95.0,6.0,8,360,62.04281231540986,96.67025912218428,2189.281414568839,623.8490975660178,9652.750338303937
Mango,Nellore,6.0,95.0,6.0,8,924,43.12765445486145,86.37291488831448,1310.216314211636,387.7655262163078,38260.638800082656
Mango,Nellore,6.0,95.0,6.0,8,771,62.52756332953947,85.11236505432541,558.612860330484,215.69914310007022,16638.570126379396
Mango,Nellore,6.0,95.0,6.0,8,1739,67.34471337112844,90.85589250114276,2036.7508272294206,307.7506774138954,38541.4390024516
Mango,Nellore,6.0,95.0,6.0,8,857,45.13129861905466,81.11345036230844,664.6459893234855,723.5988744882027,29448.459180156795
Mango,Nellore,6.0,95.0,6.0,8,1073,46.21261864600132,92.80814587326023,1580.7163766711567,182.89052742315232,48233.3938107545
Mango,Nellore,6.0,95.0,6.0,8,1357,60.0709514682261,85.41169396915801,427.0107502952578,373.72300838917903,33586.653815080164
Mango,Nellore,6.0,95.0,6.0,8,246,52.316704241613195,94.98841860322202,1558.2068484713216,790.372670365981,8148.662214118465
Mango,Nellore,6.0,95.0,6.0,8,236,54.599590450414674,88.89994233517274,1489.991008443778,587.5008649252751,6017.391171433848
Mango,Nellore,6.0,95.0,6.0,8,274,64.22744697625396,84.61967561768101,1020.6147633962913,482.67967856950213,4084.176205785221
Mango,Nellore,6.0,95.0,6.0,8,1029,43.38103205096994,98.70716958636417,1832.5799966782579,446.99262516232375,54651.02290208008
Mango,Nellore,6.0,95.0,6.0,8,1440,52.36038740362393,83.4639973314723,1822.5620234536116,244.37647968530683,42722.25979296274
Mango,Nellore,6.0,95.0,6.0,8,1448,64.5468277150894,93.64905677647897,2000.570786872291,766.0094201079768,39373.447473911816
Mango,Nellore,6.0,95.0,6.0,8,292,43.2665351698033,95.81240415788345,451.9009938921194,431.9785146838675,14459.514235943418
Mango,Nellore,6.0,95.0,6.0,8,1330,67.99016328089054,84.96610875490308,1872.2108047991933,717.0944184585298,19988.702257178942
Mango,Nellore,6.0,95.0,6.0,8,1945,63.36814437711499,90.92747538760399,2139.458947055947,674.971854030486,50788.46801431467
Mango,Nellore,6.0,95.0,6.0,8,435,48.5479395413786,83.17034190400643,928.1193162607254,472.1041777424952,13660.521533739884
Mango,Nellore,6.0,95.0,6.0,8,1536,47.97810259749788,96.99450637166802,2241.631728899164,426.41682929811907,72621.14763892804
Mango,Nellore,6.0,95.0,6.0,8,1816,54.42756823862376,93.0577104260565,334.1183273785028,296.6173756303706,69521.602509369
Mango,Nellore,7.0,95.0,6.0,8,293,44.65874794272024,97.41965860952394,1156.6908657535255,479.2326749872943,13823.023284632663
Mango,Nellore,7.0,95.0,6.0,8,391,66.91594468725543,91.1161184707138,2459.7561535465115,415.33500002941673,6587.1767957562915
Mango,Nellore,7.0,95.0,6.0,8,432,65.65871453801323,88.98597242235705,2493.801178586491,491.3414994626215,7092.232727987423
Mango,Nellore,7.0,95.0,6.0,8,1856,55.47202637250105,82.08006673052824,1904.3164344100146,525.8862551160124,46954.32021497245
Mango,Nellore,7.0,95.0,6.0,8,1050,53.282864683663036,89.57053187504528,1890.0230549253702,559.7106393051256,35652.31685672085
Mango,Nellore,7.0,95.0,6.0,8,718,69.2347194644687,87.95530420642854,2129.0089536883343,689.6278533249539,10622.743037713873
Mango,Nellore,7.0,95.0,6.0,8,1004,42.901434056547856,96.03539820620463,2000.1810612387424,483.8934140954938,50862.42553092116
Mango,Nellore,7.0,95.0,6.0,8,1532,59.30893016119062,88.84534857489585,1505.6711846613282,464.7512333558715,43279.370591779225
Mango,Nellore,7.0,95.0,6.0,8,1953,65.63555905079835,90.59215326168787,608.713940025733,569.8102313657821,47561.70432247571
Mango,Nellore,7.0,95.0,6.0,8,1827,63.0772222403751,88.09578328004285,1757.464683271538,342.8738618141909,43608.57247438724
Mango,Nellore,7.0,95.0,6.0,8,1024,47.27234790015602,85.65638937365705,1631.905866516692,403.21417792061646,37270.13842442775
Mango,Nellore,7.0,95.0,6.0,8,957,68.09014583229029,91.74732833572688,1691.2609135224523,209.5337012025204,20739.129041063832
Mango,Nellore,7.0,95.0,6.0,8,1805,54.57667963890223,94.29277584811979,1149.6663841974673,511.95345461129216,70025.93381882894
Mango,Nellore,7.0,95.0,6.0,8,1948,49.63276789779575,84.83334010369151,1234.6718543097913,735.4869597184738,66600.55584305667
Mango,Nellore,7.0,95.0,6.0,8,399,64.00397130366959,91.35062145786331,1586.2697983648145,193.5554069873626,9131.488206171121
Mango,Nellore,7.0,95.0,6.0,8,470,66.17218197768274,93.28070460417463,2051.731191191011,290.3622275929141,10398.912215667267
Mango,Nellore,7.0,95.0,6.0,8,1929,57.94766487945442,92.84847262384221,1946.1122289301709,257.5293133196105,65120.016596674264
Mango,Nellore,7.0,95.0,6.0,8,1089,50.43108807532977,84.37760511636122,1828.210109566201,253.1009290985491,34886.44601901851
Mango,Nellore,7.0,95.0,6.0,8,967,66.22737078027501,81.94966556562044,2008.9390634958997,675.1535530732398,12519.366440859885
Mango,Nellore,7.0,95.0,6.0,8,1603,64.43426293152729,84.31672570815279,494.4468833659412,589.2641799411699,30787.876767623573
Mango,Nellore,7.0,95.0,6.0,8,303,47.042330941720806,84.87738684260721,1320.7782892217351,284.8030449716261,9858.440603775218
Mango,Nellore,7.0,95.0,6.0,8,992,67.80679451913556,85.37453698115209,1526.1417730606177,127.28552446279129,15773.773224796983
Mango,Nellore,7.0,95.0,6.0,8,789,65.0875130869916,88.90071370497692,742.3433345098792,459.9407280065374,17586.331225074
Mango,Nellore,7.0,95.0,6.0,8,1890,68.42738552717833,99.6769957964768,2115.9144610726858,691.4099434286603,56254.43900447278
Mango,Nellore,7.0,95.0,6.0,8,430,65.91233816695227,94.17991925983029,2427.9798925580044,678.6564402224483,9048.423537157094
Mango,Nellore,10.0,95.0,7.0,9,1775,52.05921860863846,94.96549432892809,2074.663116658996,700.6162897050605,73383.35999715002
Mango,Nellore,10.0,95.0,7.0,9,464,56.02603396685905,91.60208367382486,968.8665993855992,322.67311283243043,15215.747351814109
Mango,Nellore,10.0,95.0,7.0,9,902,43.38913784111857,87.59810971568824,2024.2241523655202,496.3264838575496,37355.94199463878
Mango,Nellore,10.0,95.0,7.0,9,607,61.39874715654251,85.1583454258674,331.63918135858705,635.0473705054992,13455.389597616122
Mango,Nellore,10.0,95.0,7.0,9,213,62.875517310393036,86.6201638112949,591.818070722097,458.145002526554,4007.6466314434474
Mango,Nellore,10.0,95.0,7.0,9,1565,58.80676749531024,92.6176669141761,2201.7531431104007,510.8555545912349,50201.448892823435
Mango,Nellore,10.0,95.0,7.0,9,636,44.7258574160513,92.87812255604472,1912.6079631823775,573.2877783118032,28138.944887541635
Mango,Nellore,10.0,95.0,7.0,9,672,53.84306844321597,85.09863378718649,1613.0741291530708,749.727468679766,18640.938313315346
Mango,Nellore,10.0,95.0,7.0,9,1745,53.337349394293874,92.50201411564552,1692.7598376989285,428.4996591280533,66221.08044193164
Mango,Nellore,10.0,95.0,7.0,9,1784,70.71186037423617,93.0906696644415,2069.7109312904413,600.57011289859,37253.51472953729
Mango,Nellore,10.0,95.0,7.0,9,1137,44.27041791418358,89.39052250850055,1784.5298647683032,574.2721297185792,48942.75692925152
Mango,Nellore,10.0,95.0,7.0,9,1845,45.886803599731785,98.32589633151728,1689.6157331823615,138.07352396561782,94922.43683299626
Mango,Nellore,10.0,95.0,7.0,9,670,62.61837046791656,93.07414017860751,905.6340695940924,209.34459808063536,19290.38703848821
Mango,Nellore,10.0,95.0,7.0,9,1187,65.84236972093665,88.61272184109512,749.1664301701346,129.6395951406687,26149.60194131729
Mango,Nellore,10.0,95.0,7.0,9,1877,61.781176860689854,96.65997451563287,673.402542869231,113.40140759778568,64680.699247861034
Mango,Nellore,10.0,95.0,7.0,9,1235,43.46153733042163,84.00724935750031,1297.873799830235,418.41070996200773,48357.669843649936
Mango,Nellore,10.0,95.0,7.0,9,631,70.1362241874715,90.93276649819025,1374.690391851792,381.3210399235111,11366.606766288227
Mango,Nellore,10.0,95.0,7.0,9,1072,59.40824417262752,96.59204706745773,1713.6707427119948,154.990481646609,37992.37547889937
Mango,Nellore,10.0,95.0,7.0,9,1710,59.64594514448114,87.49356855666319,414.3765743509565,122.22063576109204,47082.83882471926
Mango,Nellore,10.0,95.0,7.0,9,395,49.32764763690616,98.14777241297135,1655.891882912372,272.4002131673721,17355.65719046601
Mango,Nellore,10.0,95.0,7.0,9,1041,61.53279418876862,84.76340479798569,2198.5930289895186,720.2654047192457,21264.207210486216
Mango,Nellore,10.0,95.0,7.0,9,1043,53.450071625535514,95.9513952094605,2246.083244426613,187.654391661782,41895.142861945365
Mango,Nellore,10.0,95.0,7.0,9,278,43.60574115188769,97.7999514500277,1669.7871739170478,781.3678334153748,12614.835455550503
Mango,Nellore,10.0,95.0,7.0,9,1387,69.56203904115078,95.4923191233388,581.461233925923,343.2549576976267,35040.58228237124
Mango,Nellore,10.0,95.0,7.0,9,1432,70.5472793041535,96.2725042381649,2175.604326741135,756.5756620037259,33906.34211675945
Onion,Nellore,30.0,32.0,20.0,3,593,18.101736888128002,27.654623289881613,763.744823410063,260.55604392637065,4640.560768903459
Onion,Nellore,30.0,32.0,20.0,3,375,14.930136199133074,33.231254105614575,464.6066514289407,406.9197006754047,5991.392862826218
Onion,Nellore,30.0,32.0,20.0,3,1207,23.741537259958065,32.05947204427823,2429.0752235930363,407.818340555536,7202.853720525869
Onion,Nellore,30.0,32.0,20.0,3,155,15.893485793945302,28.52654706603307,1687.2780714828032,253.7947532739803,17.05167241682102
Onion,Nellore,30.0,32.0,20.0,3,667,15.64491819095266,28.841363590507303,1081.703446642553,571.7959457020113,7148.529689158382
Onion,Nellore,30.0,32.0,20.0,3,135,16.420866620787294,32.37775129786673,623.2282318842956,339.85160256576506,1191.0995969556639
Onion,Nellore,30.0,32.0,20.0,3,482,23.872599374408146,28.93674216664967,516.8824394493072,680.5199638880316,1243.5144225230742
Onion,Nellore,30.0,32.0,20.0,3,110,19.808720299045,32.34435129909424,601.726673936035,506.48935918799947,270.70337688138216
Onion,Nellore,30.0,32.0,20.0,3,1547,17.314789806180865,29.194814902496265,306.9099933058687,221.97038115176568,17849.51844954229
Onion,Nellore,30.0,32.0,20.0,3,1466,15.189814313059795,30.14133796616719,974.2196296942047,675.666847829748,20269.047197931486
Onion,Nellore,30.0,32.0,20.0,3,205,17.106422811885402,29.528381703301974,719.5971726999683,342.9436579495765,1483.9607420908524
Onion,Nellore,30.0,32.0,20.0,3,629,20.805238437064137,32.17311542817124,2196.846542048015,319.71284770572936,4633.835237652627
Onion,Nellore,30.0,32.0,20.0,3,930,15.613022220619301,30.800353288147505,1983.352723396886,758.2934451105228,11382.571724293823
Onion,Nellore,30.0,32.0,20.0,3,1341,16.273598565299043,30.332112239402168,1931.611194039293,444.7983495273083,16476.05729340569
Onion,Nellore,30.0,32.0,20.0,3,1551,20.995575845591812,31.41172854239482,557.4257946874816,659.8025395331038,14938.224498520874
Onion,Nellore,30.0,32.0,20.0,3,1011,17.551037814512057,30.105535431678074,1977.3833090847106,188.20141950479598,10527.012362365338
Onion,Nellore,30.0,32.0,20.0,3,976,23.533870326365683,28.323146415240686,1549.00009944832,505.5201266633565,2619.813236630329
Onion,Nellore,30.0,32.0,20.0,3,1981,22.748218391757863,29.77776533269056,2434.517757712729,752.6259307602143,10738.388801514731
Onion,Nellore,30.0,32.0,20.0,3,944,20.752005692440214,28.103830677588157,1555.9303170468477,229.6892487683266,5154.503220164483
Onion,Nellore,30.0,32.0,20.0,3,1857,22.60090357437442,30.34089604295911,1194.4249243778293,732.2335451841004,12446.50754459983
Onion,Nellore,30.0,32.0,20.0,3,707,23.300388305898714,33.40752976220922,1556.773033861614,200.1007858660085,5388.875189883907
Onion,Nellore,30.0,32.0,20.0,3,1329,16.82686506255142,33.20892774426416,2266.7674511033138,336.2362279724287,19168.757624920487
Onion,Nellore,30.0,32.0,20.0,3,926,22.513160174361936,32.293928877718415,685.2709082867771,570.9352300887267,7800.785680932597
Onion,Nellore,30.0,32.0,20.0,3,386,16.494792331700854,32.79405934915319,849.2716960285063,284.27314256260786,5157.972230145487
Onion,Nellore,30.0,32.0,20.0,3,624,20.385387172985247,31.041801347379437,417.73181840869523,363.57120145250883,5868.299424960773
Onion,Nellore,12.0,32.0,30.0,6,436,15.859666247275122,30.133271005360484,1072.6826521673179,165.64356837991153,4984.965453977988
Onion,Nellore,12.0,32.0,30.0,6,1181,16.676013201766466,33.27041883659645,2378.2646107764094,526.9590910172362,16692.769352940562
Onion,Nellore,12.0,32.0,30.0,6,414,16.686207875190686,33.013981132028,1329.7519193154383,426.4095890578732,5003.536619957336
Onion,Nellore,12.0,32.0,30.0,6,1596,21.1438880792493,31.13762338100745,1972.9334857014378,459.045515342336,13518.022540562226
Onion,Nellore,12.0,32.0,30.0,6,1409,23.99575395120421,32.1244729221251,1175.3045466383398,679.2871365918329,9598.77334679736
Onion,Nellore,12.0,32.0,30.0,6,880,20.874236657414222,32.082517347547935,399.9955009587511,552.6203107640633,8910.671195594852
Onion,Nellore,12.0,32.0,30.0,6,1590,20.30523974919552,33.0278765901723,1421.678821011007,450.89295123801054,18356.42080490406
Onion,Nellore,12.0,32.0,30.0,6,570,20.412694575899472,28.982212665136334,2176.5603897273013,749.8684539454152,1958.1964671922942
Onion,Nellore,12.0,32.0,30.0,6,1490,15.942524013233713,27.359818637549118,1287.885289446277,266.23498972658024,15457.648711057096
Onion,Nellore,12.0,32.0,30.0,6,1906,18.870552400917884,32.149638705806396,2312.924903171531,232.39737001608924,22764.616223929886
Onion,Nellore,12.0,32.0,30.0,6,1790,16.06556208340821,29.630409746683632,2063.180707690498,374.4655038332009,21843.431105739302
Onion,Nellore,12.0,32.0,30.0,6,238,19.857263025676225,31.369700373304912,763.719188580314,489.5193440778195,1486.721556077494
Onion,Nellore,12.0,32.0,30.0,6,1848,19.831502926473565,33.1465261901548,1152.109539545691,146.31563218410832,23307.73781955312
Onion,Nellore,12.0,32.0,30.0,6,592,22.33784218533843,30.558308081033168,2005.5369140368884,264.09792000806027,2596.880976206334
Onion,Nellore,12.0,32.0,30.0,6,238,17.20815768457202,29.326115654062857,946.3069935836596,129.0494170281556,1808.7175861270043
Onion,Nellore,12.0,32.0,30.0,6,970,16.948765511319095,31.11336711184423,1792.6999302438032,322.2847901803119,11624.678832085268
Onion,Nellore,12.0,32.0,30.0,6,1673,23.492750043842378,32.86307275325443,1925.9473470666196,294.2252758074678,13456.377269972276
Onion,Nellore,12.0,32.0,30.0,6,1422,17.6617943260689,30.11596260119841,1791.8504280992593,480.1150016067349,15437.861857528173
Onion,Nellore,12.0,32.0,30.0,6,1351,20.377819593118055,33.53669661495594,986.1347586801955,337.9803046552737,16453.52779316752
Onion,Nellore,12.0,32.0,30.0,6,1995,17.40636673756586,32.63701897912257,495.77737268396265,794.1872513607162,29095.186597860957
Onion,Nellore,12.0,32.0,30.0,6,708,23.38065132986396,28.38869166083319,1119.5196494176248,750.0413934807758,1676.131511427815
Onion,Nellore,12.0,32.0,30.0,6,1615,15.98289385502533,28.735931928767727,1862.291809241982,291.0649963120415,18442.79968353995
Onion,Nellore,12.0,32.0,30.0,6,1498,23.693533261927044,30.05897297445453,1403.3395127703661,272.66103106378455,7859.428145532023
Onion,Nellore,12.0,32.0,30.0,6,609,14.976925539630434,32.990504586752756,1724.536222655399,291.1284335294647,8954.604983512632
Onion,Nellore,12.0,32.0,30.0,6,1334,23.08185383994103,32.4314102227591,1965.505852336976,138.92386517632244,10367.878497166006
Onion,Nellore,15.0,32.0,12.0,7,370,18.83895529836039,32.73576067273729,848.808049445111,601.9843979305355,3691.0255411438084
Onion,Nellore,15.0,32.0,12.0,7,450,17.824979631583417,32.047772450884594,949.1591683814806,309.1999946813215,5141.8976056227275
Onion,Nellore,15.0,32.0,12.0,7,467,17.00767854023395,28.41990293167648,706.1914061642123,339.4753346045158,4283.842050034933
Onion,Nellore,15.0,32.0,12.0,7,1084,22.686101162263093,32.46396575545745,681.3547165456179,440.072200238842,9477.778302238225
Onion,Nellore,15.0,32.0,12.0,7,983,17.164275289689527,30.354045341010078,959.8725535094499,517.2573686668143,11488.41403827184
Onion,Nellore,15.0,32.0,12.0,7,1425,20.469486248331464,30.935072236851838,1158.2645163143463,348.5921534276688,13406.603363899518
Onion,Nellore,15.0,32.0,12.0,7,974,17.701993790953782,31.89120068622479,1749.0549808674873,752.0884400166367,11319.144095109838
Onion,Nellore,15.0,32.0,12.0,7,838,19.839410485492444,31.404995188698287,2276.450226484877,379.66314921085433,7035.846605590767
Onion,Nellore,15.0,32.0,12.0,7,444,23.449528098879654,27.729497853591493,858.6630982321316,645.991828837381,395.65164402254413
Onion,Nellore,15.0,32.0,12.0,7,1360,15.126346597479465,29.51386495202585,502.7695086393511,509.55490954434214,18554.700543999388
Onion,Nellore,15.0,32.0,12.0,7,1320,15.045448128869387,31.007023228812223,1925.506689692672,122.71041223303087,19021.06202999884
Onion,Nellore,15.0,32.0,12.0,7,129,22.68927101127805,28.627597193873644,2220.8394540813006,652.6446088968366,-2107.439985423305
Onion,Nellore,15.0,32.0,12.0,7,1059,23.407830995052635,32.43993746869793,2463.8478543300585,281.76958726528983,6819.383313995018
Onion,Nellore,15.0,32.0,12.0,7,1858,21.90768738493208,28.736452739120427,617.4802415875267,180.99092272621152,11889.374863768215
Onion,Nellore,15.0,32.0,12.0,7,956,21.043308057087884,30.13074556437778,798.3475772794325,529.7792144276629,7359.463465262041
Onion,Nellore,15.0,32.0,12.0,7,1956,15.7236985858177,31.60808026119274,2275.0358463213956,621.62564675873,28173.189063953447
Onion,Nellore,15.0,32.0,12.0,7,121,18.982563821975052,29.4452422997441,1097.631552430008,664.0001679677525,-495.6476245877061
Onion,Nellore,15.0,32.0,12.0,7,628,19.75018152301736,28.19862919257585,2136.1000957095985,350.8342596701716,2818.6907811029614
Onion,Nellore,15.0,32.0,12.0,7,528,22.472723619867907,28.615927657254808,1138.1808020704798,665.8840172255836,1439.5469124442207
Onion,Nellore,15.0,32.0,12.0,7,1945,21.71408267387946,32.20163614554997,906.6662897708188,242.97273123851724,19248.652481389807
Onion,Nellore,15.0,32.0,12.0,7,1183,15.538980151119171,33.17599630720941,1804.506194037755,472.10050688071186,18587.983411736284
Onion,Nellore,15.0,32.0,12.0,7,125,23.3962458712289,29.19553367651692,849.4987573823436,557.912108000269,-682.4998897216101
Onion,Nellore,15.0,32.0,12.0,7,853,23.723048710735544,30.79800839081296,1872.4572081766808,147.91531679621175,4014.5680821331443
Onion,Nellore,15.0,32.0,12.0,7,483,16.695768436171424,30.478722220077316,2001.8586238075848,130.82826557192507,4524.4797882470375
Onion,Nellore,15.0,32.0,12.0,7,518,15.137309263818446,29.46986371190453,1511.4594347698733,382.2454292932766,5530.558340045442
Onion,Nellore,25.0,32.0,15.0,8,531,14.849144111728979,29.2457731538692,1263.9887766659817,729.4822512472828,5651.138993463193
Onion,Nellore,25.0,32.0,15.0,8,1173,15.416393454846041,29.471345174313946,1208.979537856983,573.0760475728515,14704.402781506014
Onion,Nellore,25.0,32.0,15.0,8,497,17.069755344637024,28.58851997352883,933.6117610328905,489.42960507995554,4301.784654446381
Onion,Nellore,25.0,32.0,15.0,8,1843,22.34210063747756,27.468257386984046,1222.2023269846668,217.74255903656274,8007.5620033192245
Onion,Nellore,25.0,32.0,15.0,8,336,21.21710175683788,27.812665950364142,998.9283346037568,778.07222390205,439.109010519016
Onion,Nellore,25.0,32.0,15.0,8,258,23.597932885626562,28.610854427170683,2249.5998986845593,754.0128799172431,-1710.2790208834194
Onion,Nellore,25.0,32.0,15.0,8,470,18.044320938736035,29.226155263415368,928.5391068984819,163.96187340228644,4162.961152298518
Onion,Nellore,25.0,32.0,15.0,8,1353,19.500422576168948,31.535603655861085,1242.6073884673501,612.0475248301973,14428.945087525914
Onion,Nellore,25.0,32.0,15.0,8,270,22.978508029921265,31.411551896711813,317.7300273526635,760.2223760728995,1198.9694406078843
Onion,Nellore,25.0,32.0,15.0,8,593,15.433096173694645,32.11602034163765,1401.05009490678,403.63939621261227,8088.28454047081
Onion,Nellore,25.0,32.0,15.0,8,1906,19.04659749609028,30.490210832328064,978.6302192768649,501.129540433311,20331.767259159038
Onion,Nellore,25.0,32.0,15.0,8,723,22.88980944437523,30.780194724655086,2122.67389456953,598.9921971026686,2983.0824659701393
Onion,Nellore,25.0,32.0,15.0,8,1219,23.671173214269576,29.72899390382275,1902.4158795472213,342.0642688872975,5140.003272130805
Onion,Nellore,25.0,32.0,15.0,8,825,22.27609747448659,30.019670579278767,591.2901496922002,367.57657638422086,5429.581085377125
Onion,Nellore,25.0,32.0,15.0,8,858,16.952913126068342,33.53812674427935,356.69311728157254,522.4701645507846,13350.95000259269
Onion,Nellore,25.0,32.0,15.0,8,698,18.812647868731894,29.95829697229326,969.8835720476918,238.66686170420272,6571.11264053394
Onion,Nellore,25.0,32.0,15.0,8,813,20.378432671102473,28.625126906387745,975.876117446796,482.520979209687,5246.165316630446
Onion,Nellore,25.0,32.0,15.0,8,129,21.852388584153097,28.03520809034998,1543.9239287370333,409.5765935636914,-1155.916806001328
Onion,Nellore,25.0,32.0,15.0,8,1709,23.02046060973877,27.73841703846005,1164.8285966306823,170.17189460601364,6727.987045447975
Onion,Nellore,25.0,32.0,15.0,8,1148,20.752499353381985,31.05567642858616,658.6420503927496,263.6689831651449,10905.736248776499
Onion,Nellore,25.0,32.0,15.0,8,1646,22.369449436780016,33.26880984185651,970.125182703219,285.1610627921867,16685.06098126051
Onion,Nellore,25.0,32.0,15.0,8,993,22.73673142989057,33.12936830691959,1223.1802421749826,135.43573058835187,8961.27244612648
Onion,Nellore,25.0,32.0,15.0,8,1454,18.43203911118149,27.261996049542194,2187.5012000131255,611.8101411184421,10039.4460472449
Onion,Nellore,25.0,32.0,15.0,8,755,14.508504351254617,32.239180532155345,974.1522099474174,128.18060210646246,12284.327704526171
Onion,Nellore,25.0,32.0,15.0,8,175,17.895482640100795,30.823776100816747,313.7664362582345,143.31999117633268,1805.3649281907246
Onion,Nellore,20.0,32.0,25.0,9,382,19.834287805902385,32.0092988445398,590.3237031727158,459.22815862974517,3601.3023549570316
Onion,Nellore,20.0,32.0,25.0,9,674,14.885501796712598,29.92717592289428,2131.199787254189,663.9541637543393,7342.934410037924
Onion,Nellore,20.0,32.0,25.0,9,352,17.448523966747217,28.860085764756455,492.7008542930821,162.9413714017916,3361.227527204377
Onion,Nellore,20.0,32.0,25.0,9,903,18.720562938491764,29.359707385371067,2215.5146020063667,158.46744027601312,7233.16539324963
Onion,Nellore,20.0,32.0,25.0,9,499,17.587183624682545,31.44189615494222,2215.3945392636792,631.3608527889469,4066.7461605469525
Onion,Nellore,20.0,32.0,25.0,9,896,17.610251318291986,29.725262818041113,1465.8692912465124,212.95715087186818,9176.223861656836
Onion,Nellore,20.0,32.0,25.0,9,717,16.402448330314087,29.096908844001813,2303.7658761335892,483.1903882658081,6314.971923914703
Onion,Nellore,20.0,32.0,25.0,9,380,16.974473930351166,29.51087824858264,1198.6022790986617,575.7880517833416,2989.4433100459555
Onion,Nellore,20.0,32.0,25.0,9,1064,22.342622926330996,30.942967242808844,1042.5714249444018,661.9958462968822,7446.1990814911405
Onion,Nellore,20.0,32.0,25.0,9,1550,20.558443020060018,28.862900082817916,2249.3894393897363,726.9829609866316,9895.536046898378
Onion,Nellore,20.0,32.0,25.0,9,1031,15.572270552873164,27.911277742924877,1725.8310759750714,712.5826311906329,10283.102705777615
Onion,Nellore,20.0,32.0,25.0,9,1458,22.330220971663543,31.50778963783179,2113.570983948569,377.8945135452319,10889.429617779504
Onion,Nellore,20.0,32.0,25.0,9,1015,20.701304250093767,30.624974935554242,480.4521074652359,124.45747248419191,9467.616165792952
Onion,Nellore,20.0,32.0,25.0,9,1423,15.179804494144058,33.55252349112169,643.6433174473184,791.8946957744367,24708.841119477416
Onion,Nellore,20.0,32.0,25.0,9,1270,16.022993073021276,29.451552041026257,1975.6869276700577,454.9576968421867,14623.625264854083
Onion,Nellore,20.0,32.0,25.0,9,514,17.178619407547085,30.193159759903214,1662.6579326063043,387.8333331086438,4638.982475396104
Onion,Nellore,20.0,32.0,25.0,9,229,20.340211939593647,31.45833733388099,1401.5640368406769,551.4028559704859,593.0838224806394
Onion,Nellore,20.0,32.0,25.0,9,522,23.37055717203304,31.61016098398867,2111.2010678960664,489.33348484100816,1700.538637103764
Onion,Nellore,20.0,32.0,25.0,9,103,20.19064478990081,30.551043501776714,857.8850573920122,429.66504114076014,-220.4290312095536
Onion,Nellore,20.0,32.0,25.0,9,1471,16.272086212210713,31.373395596042563,2018.022584049399,654.0244786226633,19541.97904094459
Onion,Nellore,20.0,32.0,25.0,9,1741,22.709398878453154,27.85819258980785,577.1014320345882,785.4060885704309,7601.542330863507
Onion,Nellore,20.0,32.0,25.0,9,1294,23.652702344433347,28.064512935844867,633.9059016724245,722.7036328313445,4352.273370782739
Onion,Nellore,20.0,32.0,25.0,9,281,20.190241153180292,31.56820774104142,1565.7901808840168,400.3436585118662,1231.0747717930935
Onion,Nellore,20.0,32.0,25.0,9,1801,15.776595552104569,27.317671309770223,1320.9467166899103,760.14332818488,18704.38739468105
Onion,Nellore,20.0,32.0,25.0,9,1860,20.403169631562758,31.981300909625787,781.1705555943863,141.9603106029158,20612.19331099993
Onion,Nellore,24.0,32.0,20.0,9,1843,16.438406153154155,27.98084744689209,1843.0432282313182,179.4085719727417,19250.267504154952
Onion,Nellore,24.0,32.0,20.0,9,435,17.676659001120502,30.262581567484943,2343.4910096602443,332.3800533150918,2799.0052533931957
Onion,Nellore,24.0,32.0,20.0,9,687,14.667301512743169,31.185486606674132,2074.8666403360776,689.4109630547208,8583.715556139774
Onion,Nellore,24.0,32.0,20.0,9,1162,20.46120313006321,29.928949483530385,1505.9194460016486,222.2530301274307,9273.348786599778
Onion,Nellore,24.0,32.0,20.0,9,1022,20.48075270632442,32.35536584688677,1175.3451862254506,664.1852306073087,10296.324212821957
Onion,Nellore,24.0,32.0,20.0,9,712,19.9380595325876,30.809085227235993,1400.6127774570728,148.57586013292837,6190.981656999655
Onion,Nellore,24.0,32.0,20.0,9,945,22.46227538115349,28.015908352897576,2060.4539649038743,704.1063322470588,2483.622861147229
Onion,Nellore,24.0,32.0,20.0,9,1273,15.775502003545355,31.774200534413033,945.3775271702217,467.8292151491252,18953.136487475203
Onion,Nellore,24.0,32.0,20.0,9,947,23.946386568565185,31.07508000336605,977.3500404357487,686.271583853239,5087.251058467435
Onion,Nellore,24.0,32.0,20.0,9,247,23.48087658270803,29.09327422397783,302.4466072316123,290.3681915787391,793.4474185832878
Onion,Nellore,24.0,32.0,20.0,9,798,23.273155879628746,29.2852701489311,581.104236137979,409.65657317169314,3806.9063775936047
Onion,Nellore,24.0,32.0,20.0,9,1841,21.396269322726216,29.270594639907145,1763.1231758145884,489.6048999515073,12243.904833164
Onion,Nellore,24.0,32.0,20.0,9,1834,15.612202916234226,32.40598068687529,2333.359404126855,422.4688808834424,28043.960146345413
Onion,Nellore,24.0,32.0,20.0,9,655,20.637965248937277,27.861978335107093,1184.4598771541296,610.25744007361,2937.0112542134884
Onion,Nellore,24.0,32.0,20.0,9,305,15.53489877399445,27.200196600610447,1866.701500937331,349.61732319034394,1341.5970129902034
Onion,Nellore,24.0,32.0,20.0,9,182,15.822887636153517,27.789432026877375,2093.607928399232,726.0830720539551,-641.7799213414446
Onion,Nellore,24.0,32.0,20.0,9,1847,19.831151525887577,30.49255249753532,487.12404807633044,484.2109610798198,18720.272585477236
Onion,Nellore,24.0,32.0,20.0,9,1913,20.79617147019877,33.52854740089065,796.6009924460803,372.9298224037564,23187.504340563733
Onion,Nellore,24.0,32.0,20.0,9,740,17.4232170680534,27.818526939441615,689.1732918127647,791.1353110056822,6212.22070200883
Onion,Nellore,24.0,32.0,20.0,9,1467,18.285360612764723,27.76095895164578,444.78587351926825,723.922744452209,12731.994145167035
Onion,Nellore,24.0,32.0,20.0,9,292,17.47226223899896,30.249352135932156,1000.2690083231641,442.325042715334,2288.316198865994
Onion,Nellore,24.0,32.0,20.0,9,951,20.94904021684895,29.217532381756484,593.061833100583,542.6773795258559,6727.596836200628
Onion,Nellore,24.0,32.0,20.0,9,1798,20.799524014841975,27.96519678561316,1559.8142768542862,279.7204474168306,11044.344917575465
Onion,Nellore,24.0,32.0,20.0,9,1802,22.779450447030378,30.399737548574645,1906.5482169650566,533.4209147560857,11291.788225261633
Onion,Nellore,24.0,32.0,20.0,9,752,20.8675366420047,32.111992515780514,976.565550079004,444.4381425676804,7034.827124432726
Onion,Nellore,1.0,32.0,24.0,9,976,22.559609572830773,28.455972586919458,576.2095377766495,774.4359632320293,4404.204800741874
Onion,Nellore,1.0,32.0,24.0,9,1875,17.109719715964154,29.107684163358865,911.2593590544441,640.0584433989413,20944.8655364117
Onion,Nellore,1.0,32.0,24.0,9,539,14.947458374434746,27.875093935750627,1588.2929045197475,481.04142134402474,4898.661241685488
Onion,Nellore,1.0,32.0,24.0,9,1902,20.52263176171768,32.44843201315616,391.4737116625063,448.6909604836297,21842.707406089845
Onion,Nellore,1.0,32.0,24.0,9,1571,18.232001227305787,31.031008687389892,1736.4892479032528,207.74365684803354,18163.007815040844
Onion,Nellore,1.0,32.0,24.0,9,1990,22.175274434907834,30.932033402237334,1906.4877790659482,355.3757291454591,15164.086836774295
Onion,Nellore,1.0,32.0,24.0,9,366,23.114260158504123,33.57802020024949,1840.9499581443085,639.3130547517928,1349.4731623827029
Onion,Nellore,1.0,32.0,24.0,9,751,17.84276718675448,33.03257081650324,346.0550592188132,321.0412058746472,10740.446260847855
Onion,Nellore,1.0,32.0,24.0,9,1392,21.75866223572762,31.693487706328273,1028.9748812198975,572.9640315449511,12227.338142311262
Onion,Nellore,1.0,32.0,24.0,9,1198,23.334167772978816,31.52707216521185,975.9257160649851,359.0171668999712,8480.156578930219
Onion,Nellore,1.0,32.0,24.0,9,1338,21.984142478974867,29.235088328578144,1575.4085654952225,341.93749550348105,7784.419485770482
Onion,Nellore,1.0,32.0,24.0,9,1020,14.995552930836302,29.37155371078123,1413.0496395030286,213.3461046425496,13037.125051398249
Onion,Nellore,1.0,32.0,24.0,9,897,19.193308281737522,27.880558703028655,551.1079324811906,758.7337820268639,6482.621913390092
Onion,Nellore,1.0,32.0,24.0,9,784,15.50540331259393,32.85295104912783,1212.6164421469744,371.09208799738894,12016.768895298215
Onion,Nellore,1.0,32.0,24.0,9,1682,20.317710502769952,30.127635557567285,1173.2855404554443,418.7681948364253,14908.240206877243
Onion,Nellore,1.0,32.0,24.0,9,316,23.428837947642265,31.35209847142007,2400.0450434893837,206.0026200589743,-102.2973380345702
Onion,Nellore,1.0,32.0,24.0,9,749,16.91971761716414,30.561653880202133,544.6592441440812,707.7185067285528,8965.432510142824
Onion,Nellore,1.0,32.0,24.0,9,772,15.61751061648402,29.707151683598582,657.8537932320673,614.0559735445529,9605.293137035822
Onion,Nellore,1.0,32.0,24.0,9,526,21.102704934494398,28.575465800875,392.3209615759954,354.5517512436147,3183.799502896587
Onion,Nellore,1.0,32.0,24.0,9,288,19.939023479209744,29.411077463830054,2066.6261393579052,478.19522523119474,183.1301829815493
Onion,Nellore,1.0,32.0,24.0,9,1758,20.912562100828925,30.993734021569182,626.392742036937,220.4602227168385,16875.8472719076
Onion,Nellore,1.0,32.0,24.0,9,1536,15.777306787372993,28.169251340386285,1252.0972655520015,516.9758769130707,17264.953690963346
Onion,Nellore,1.0,32.0,24.0,9,1652,19.427168794124263,29.24239033485096,1333.8138184739098,451.7436137788524,14429.188553027736
Onion,Nellore,1.0,32.0,24.0,9,641,15.169792865396287,30.251768817491996,1686.2048790956594,680.0570342828024,7301.284671914886
Onion,Nellore,1.0,32.0,24.0,9,1653,17.346933909206577,28.449261853260047,1792.6805710312788,326.1697911664361,16233.297729322669
Spinach,Visakhapatnam,8.0,38.0,5.0,5,1981,28.168718845492652,33.64636677649195,1888.5453412483275,128.19986314459894,8834.47534691669
Spinach,Visakhapatnam,8.0,38.0,5.0,5,697,22.452512784940225,35.51218585679608,2490.4032339085784,107.34554879796111,6504.843348376991
Spinach,Visakhapatnam,8.0,38.0,5.0,5,132,18.80020541571301,38.273032099187745,1659.4494316618557,339.29309984866444,571.670590708145
Spinach,Visakhapatnam,8.0,38.0,5.0,5,1369,18.081906385325958,38.489339522442584,916.7364556131075,192.52576042771022,26828.513748671845
Spinach,Visakhapatnam,8.0,38.0,5.0,5,370,24.058303446628933,32.483237469905866,556.2096470597676,188.96736815290745,2372.0485733997903
Spinach,Visakhapatnam,8.0,38.0,5.0,5,1258,27.38739734766169,35.212436781199116,775.9321107878195,409.80414215297077,8658.163354449287
Spinach,Visakhapatnam,8.0,38.0,5.0,5,1730,26.453558463075133,38.580190163221424,1593.6010195451825,347.17202225687265,19038.299799451037
Spinach,Visakhapatnam,8.0,38.0,5.0,5,704,17.87644288184816,33.95812490490887,2357.831954875658,426.2814048609423,8537.390784498142
Spinach,Visakhapatnam,8.0,38.0,5.0,5,602,23.923618122682463,35.447472118439066,2407.4808918375024,478.7796774151913,4051.0995361927853
Spinach,Visakhapatnam,8.0,38.0,5.0,5,1535,21.83242431069582,32.40891488458921,1352.338059675223,114.71477470835201,14767.860196542773
Spinach,Visakhapatnam,8.0,38.0,5.0,5,1785,17.77929290982584,36.89313082983226,1980.1229925707053,466.38095964540577,31671.69673499534
Spinach,Visakhapatnam,8.0,38.0,5.0,5,1453,23.290178711700072,35.14094162738922,1675.7259113493126,108.63873224226181,15434.793872904753
Spinach,Visakhapatnam,8.0,38.0,5.0,5,1510,19.20283318208267,33.83743401360235,1150.7555254967515,135.80514393427833,20811.686586163687
Spinach,Visakhapatnam,8.0,38.0,5.0,5,722,26.844785878311583,39.53835632557449,2243.8424024144188,289.43399628551765,6631.481464223878
Spinach,Visakhapatnam,8.0,38.0,5.0,5,221,18.75672429359375,36.14329525273844,436.49111730441945,149.80897521453682,3256.1320894520204
Spinach,Visakhapatnam,8.0,38.0,5.0,5,1978,23.03312320748426,39.85882311666797,744.0520378002678,280.6727504123279,32256.50963215279
Spinach,Visakhapatnam,8.0,38.0,5.0,5,1116,27.55999031005269,38.21136545788423,2109.146045205064,731.9346515751561,9045.853968199779
Spinach,Visakhapatnam,8.0,38.0,5.0,5,212,24.45952286827268,32.64644720040988,2381.1359576603186,689.5157636552667,-1335.0237629024978
Spinach,Visakhapatnam,8.0,38.0,5.0,5,1051,22.247847687303558,39.420651764356656,2464.8693314140864,657.5390725307066,14926.20868103801
Spinach,Visakhapatnam,8.0,38.0,5.0,5,1617,23.011603250789367,34.16844056294984,1087.9073763641177,792.6537333690258,16160.044824030338
Spinach,Visakhapatnam,8.0,38.0,5.0,5,1064,27.918379604335815,33.38342981825168,1140.7068446316525,488.312262297648,4185.794320677178
Spinach,Visakhapatnam,8.0,38.0,5.0,5,757,24.76524386590523,33.591031717474024,421.91495457293775,331.80254241490485,5927.403906649732
Spinach,Visakhapatnam,8.0,38.0,5.0,5,1795,22.68194246676517,35.457366804499884,352.8110986587555,334.76012435222367,22244.315463222832
Spinach,Visakhapatnam,8.0,38.0,5.0,5,913,28.369355852321057,32.614853475027346,2429.166022826667,484.9049248550787,962.0683818490943
Spinach,Visakhapatnam,8.0,38.0,5.0,5,1915,20.69514667323374,35.28791818415451,821.2327865727916,167.8759696757973,26956.048687164686
Spinach,Visakhapatnam,10.0,38.0,8.0,6,1241,24.139831911710353,33.879153999308855,1592.933440232601,178.65513736428994,10314.910133112848
Spinach,Visakhapatnam,10.0,38.0,8.0,6,274,27.61575083367982,32.85278560311788,917.3217891234151,344.95649749949985,172.6692402031149
Spinach,Visakhapatnam,10.0,38.0,8.0,6,1838,26.718807501455146,34.769413237490475,1812.0502376815386,773.131064932316,12211.83204021908
Spinach,Visakhapatnam,10.0,38.0,8.0,6,656,19.66109433311614,35.33492760951409,1201.280312443542,784.7544679685908,8295.999848904925
Spinach,Visakhapatnam,10.0,38.0,8.0,6,1786,17.290104273784166,33.780278582422916,2083.030077874025,290.85545311873926,27077.565784236045
Spinach,Visakhapatnam,10.0,38.0,8.0,6,798,21.342170453755365,36.266320894000366,449.5412596026881,226.85789273479668,11233.07289897803
Spinach,Visakhapatnam,10.0,38.0,8.0,6,1160,24.989376304653092,33.3639040630854,1214.800849640504,484.01189053828193,8015.639459602695
Spinach,Visakhapatnam,10.0,38.0,8.0,6,1968,24.152157295670904,36.62099714259505,430.189558099792,542.9618274630548,23565.525433183866
Spinach,Visakhapatnam,10.0,38.0,8.0,6,518,21.614411016796012,33.3108744716957,649.2208794234809,764.4911743719318,4645.056015842623
Spinach,Visakhapatnam,10.0,38.0,8.0,6,184,22.048194807322908,33.26953332674242,1199.9873269967277,348.0640280902947,516.6749324861676
Spinach,Visakhapatnam,10.0,38.0,8.0,6,726,24.72909694114348,35.97689930294092,1220.4569734323336,350.46787453491515,6594.979666697691
Spinach,Visakhapatnam,10.0,38.0,8.0,6,590,21.088339979661743,34.15289472659737,1742.9872888164791,239.16984265618206,5725.930169219357
Spinach,Visakhapatnam,10.0,38.0,8.0,6,1982,23.60127110153785,33.89681466613387,1932.997062955031,117.63936637474875,18355.130915699527
Spinach,Visakhapatnam,10.0,38.0,8.0,6,781,22.492513538110437,32.62919607673277,1838.5468257558148,331.39270161440356,5746.809535293825
Spinach,Visakhapatnam,10.0,38.0,8.0,6,344,23.56825676337924,38.35145143186854,1917.0554096176115,527.0755454253642,2641.288010917342
Spinach,Visakhapatnam,10.0,38.0,8.0,6,1712,22.12214642255214,34.711521628395694,2306.311085239193,142.65010520450397,19104.049161960458
Spinach,Visakhapatnam,10.0,38.0,8.0,6,127,22.956269549454476,34.49020239729242,314.2215871373632,447.3674553305697,703.2204292074862
Spinach,Visakhapatnam,10.0,38.0,8.0,6,348,19.865392233241607,32.99394689933949,1001.1171287791519,173.27317937487334,3394.3467156480383
Spinach,Visakhapatnam,10.0,38.0,8.0,6,870,19.088265645071097,35.88453612970453,501.12838199770397,537.9773385829469,13573.649601050438
Spinach,Visakhapatnam,10.0,38.0,8.0,6,1364,21.222776881187908,33.25285265417744,857.9480958913581,549.4605551466793,15001.614703319683
Spinach,Visakhapatnam,10.0,38.0,8.0,6,252,17.35723543344096,38.84865312371316,1569.6575812533943,723.4609188232897,3122.7187578719113
Spinach,Visakhapatnam,10.0,38.0,8.0,6,1861,24.24744015362737,38.44380110551057,1645.6221226579833,307.02329381651447,24466.782314980148
Spinach,Visakhapatnam,10.0,38.0,8.0,6,940,23.622201786433152,33.67396714427409,891.3547530664359,239.05120382818404,8318.253479475858
Spinach,Visakhapatnam,10.0,38.0,8.0,6,1562,21.48595137218487,35.61356337233645,1606.9088242469845,512.7574466060834,19947.663673383693
Spinach,Visakhapatnam,10.0,38.0,8.0,6,1193,24.115796889957522,32.919969434646376,493.13412152795195,220.28062225036092,9789.963102035486
Spinach,Visakhapatnam,8.0,38.0,10.0,6,641,25.249854688640976,36.7002301138115,332.1397936395423,352.26284465421946,6655.288009240547
Spinach,Visakhapatnam,8.0,38.0,10.0,6,578,17.258028349406608,37.235279033798335,1771.5283682895079,659.0590462496456,9116.263481039263
Spinach,Visakhapatnam,8.0,38.0,10.0,6,1511,20.132373701256302,34.829134604102045,1526.2909214912117,594.9107059908135,20085.604096717892
Spinach,Visakhapatnam,8.0,38.0,10.0,6,1384,23.536333283841486,37.33900674829592,1793.9465298904022,752.2182823215558,16556.735262592978
Spinach,Visakhapatnam,8.0,38.0,10.0,6,1037,25.489464670492673,33.88383675949932,592.4416939575618,546.9421493593949,7565.580012982937
Spinach,Visakhapatnam,8.0,38.0,10.0,6,290,19.73432172276926,39.12013145272424,863.6213317665809,254.45574173522394,4503.80774818514
Spinach,Visakhapatnam,8.0,38.0,10.0,6,1632,17.380645015790122,33.89186384827229,1215.7781175133962,349.5999281655734,25380.931088931924
Spinach,Visakhapatnam,8.0,38.0,10.0,6,1631,25.74166079952787,38.076042141711945,987.7156547982603,387.477843107198,18742.182471196764
Spinach,Visakhapatnam,8.0,38.0,10.0,6,890,24.17223227421042,38.4085397936894,484.1948632597665,370.15765765584916,11815.961171420677
Spinach,Visakhapatnam,8.0,38.0,10.0,6,278,27.20368566759518,33.450420901600886,634.1495791405866,329.99070492005893,772.452110992941
Spinach,Visakhapatnam,8.0,38.0,10.0,6,1306,18.590177488923235,37.40498733025486,1904.4815610498536,502.54240142117027,22165.11769030808
Spinach,Visakhapatnam,8.0,38.0,10.0,6,1229,25.37766835652886,35.08890669325473,623.8995637031373,244.60671135524657,11066.605640777707
Spinach,Visakhapatnam,8.0,38.0,10.0,6,951,25.595448066675516,34.06490765085021,1191.7157934232973,288.41309969414044,6574.327171432695
Spinach,Visakhapatnam,8.0,38.0,10.0,6,1490,27.605252667744566,38.47178984366597,2115.4650167711884,656.5406123242918,13419.13476302741
Spinach,Visakhapatnam,8.0,38.0,10.0,6,1615,27.325746298754286,38.73054400002976,702.189454786297,769.4043170593529,16947.15451571424
Spinach,Visakhapatnam,8.0,38.0,10.0,6,1642,17.391495709622976,38.288573015291085,2287.1458312092873,287.1906949304754,31738.66440976727
Spinach,Visakhapatnam,8.0,38.0,10.0,6,1814,19.933353958572656,34.70876392543134,2079.417911681705,712.8420552771275,24010.333712922824
Spinach,Visakhapatnam,8.0,38.0,10.0,6,1826,27.658739301481532,38.921995879076086,2027.1840459274654,291.5889203748597,18247.933544385334
Spinach,Visakhapatnam,8.0,38.0,10.0,6,617,24.96968045466831,39.482182890812325,1801.5890532877456,332.13179437548376,6820.493155437627
Spinach,Visakhapatnam,8.0,38.0,10.0,6,1972,24.730669620344532,34.05772745520126,835.8564769021903,314.23301636014,17242.868557075126
Spinach,Visakhapatnam,8.0,38.0,10.0,6,1407,26.24731474831141,38.846777150325934,602.0600719742545,766.6707266791072,16358.71280098107
Spinach,Visakhapatnam,8.0,38.0,10.0,6,120,24.88223969750387,34.090733669056526,2375.8631168773895,709.8761391790568,-1980.7199794701278
Spinach,Visakhapatnam,8.0,38.0,10.0,6,1235,20.66728284752858,38.824649054591816,589.7111875596554,593.5286344475148,21241.107443715926
Spinach,Visakhapatnam,8.0,38.0,10.0,6,290,18.034409374937752,37.215962939840495,1674.9554464272774,546.8454041943023,3340.8496832002147
Spinach,Visakhapatnam,8.0,38.0,10.0,6,336,17.711436623337473,37.752733928650535,1346.0465735120142,694.3686139710733,4693.460707102101
Spinach,Visakhapatnam,10.0,38.0,8.0,7,271,19.31769937812072,38.536196258343466,1788.6181966036645,545.2331396373886,2874.3613182993113
Spinach,Visakhapatnam,10.0,38.0,8.0,7,674,25.312377583885482,36.1844636525202,1629.4885609287037,422.6288367446073,5275.668612586491
Spinach,Visakhapatnam,10.0,38.0,8.0,7,1512,28.28615421099227,39.38691581928249,2354.5050742617473,381.55661439297864,14048.289863080092
Spinach,Visakhapatnam,10.0,38.0,8.0,7,1393,24.74954797807517,37.597383661632676,1098.5622488885176,715.4956893099047,16082.977168997182
Spinach,Visakhapatnam,10.0,38.0,8.0,7,1147,18.68741402837285,36.951264827691865,973.8621931525826,328.2754967588014,19646.499176907528
Spinach,Visakhapatnam,10.0,38.0,8.0,7,1202,28.060149463919366,37.46163551922868,1689.0271508154285,289.391479541594,9322.167608124779
Spinach,Visakhapatnam,10.0,38.0,8.0,7,486,24.277763132299956,38.86248302360528,591.0334848322841,784.3129722415302,5712.827410100574
Spinach,Visakhapatnam,10.0,38.0,8.0,7,1824,18.687496406945627,32.381436262484726,1497.3661414335518,783.0451729842529,22697.334982085515
Spinach,Visakhapatnam,10.0,38.0,8.0,7,1569,20.014285669267124,36.30948373239559,677.512007543418,217.22182116259194,24672.431932342555
Spinach,Visakhapatnam,10.0,38.0,8.0,7,1600,17.47925487133069,33.22634942724525,1214.8949466974846,144.19093644557654,23836.265406320246
Spinach,Visakhapatnam,10.0,38.0,8.0,7,1470,19.94969095590466,32.85756691269298,1758.9217477454592,516.7564591098109,16698.89944962356
Spinach,Visakhapatnam,10.0,38.0,8.0,7,1216,22.434977272249697,35.421390264976665,2098.7714322698694,726.5396227998832,12966.167144086241
Spinach,Visakhapatnam,10.0,38.0,8.0,7,405,24.495717098403208,35.484170280724385,1307.662956484511,279.6530450302671,2863.0075373252967
Spinach,Visakhapatnam,10.0,38.0,8.0,7,229,27.7113944548873,37.32206882565092,1941.9983454891312,318.10021770756026,-59.254132291822316
Spinach,Visakhapatnam,10.0,38.0,8.0,7,424,20.059477434276655,32.312492554054614,1128.1129175455267,499.5330366713514,3567.6324565689756
Spinach,Visakhapatnam,10.0,38.0,8.0,7,1836,21.8731246339356,33.96922545731873,300.4994840801622,740.5010764232691,21167.44055122799
Spinach,Visakhapatnam,10.0,38.0,8.0,7,931,20.307879996762658,38.54893365558528,1956.2670429408538,613.0014311322817,14413.152482290723
Spinach,Visakhapatnam,10.0,38.0,8.0,7,1732,25.353932752011303,39.358940501227934,1247.1788060086815,183.39847039723372,22826.096145237294
Spinach,Visakhapatnam,10.0,38.0,8.0,7,1383,19.860791013961165,32.854827306037166,1936.8628767648888,597.7006733648678,15436.18864181135
Spinach,Visakhapatnam,10.0,38.0,8.0,7,205,18.360881027154036,32.57048575412922,2487.526665908573,262.9098442408863,162.53245888045421
Spinach,Visakhapatnam,10.0,38.0,8.0,7,1722,25.6529730525954,34.3862507186538,1674.260743424177,156.81495712460017,13207.62844040378
Spinach,Visakhapatnam,10.0,38.0,8.0,7,793,20.990186727238015,35.675793892275586,1786.2909018483654,456.22584904891613,9403.169730977512
Spinach,Visakhapatnam,10.0,38.0,8.0,7,1202,25.914291914349846,37.40406684633584,369.78948199526855,474.4766713866108,12966.443314865282
Spinach,Visakhapatnam,10.0,38.0,8.0,7,1831,28.37278217086176,35.97256377665331,2471.1710798542545,628.1985528440156,10815.830487506057
Spinach,Visakhapatnam,10.0,38.0,8.0,7,569,26.020501645935347,39.03741920247846,1177.0134872687408,704.0456754576923,5525.566926946598
Spinach,Visakhapatnam,1.0,38.0,10.0,9,1920,25.152640763633954,34.92640485261818,315.3609761367659,382.43667831889974,18067.829396394052
Spinach,Visakhapatnam,1.0,38.0,10.0,9,1558,18.489426320307775,32.43889052989864,2289.0977756720195,148.05406630351058,19296.11339656704
Spinach,Visakhapatnam,1.0,38.0,10.0,9,939,20.60913831029776,34.13285562873899,813.8481943509441,147.73063383582388,11737.191733829542
Spinach,Visakhapatnam,1.0,38.0,10.0,9,182,21.980968972543366,32.76683098237473,792.6340931524969,354.29095747922963,816.1018351575822
Spinach,Visakhapatnam,1.0,38.0,10.0,9,1088,27.0853161449988,39.18027239247992,1384.505337642892,331.10916522092305,11443.697894395646
Spinach,Visakhapatnam,1.0,38.0,10.0,9,709,26.675974470889514,34.8788535509834,1859.5780481012953,795.6487827647204,3160.6144369205504
Spinach,Visakhapatnam,1.0,38.0,10.0,9,1417,20.75257466199845,33.54858000887031,2022.9551480321338,185.74850337619245,15923.235925109097
Spinach,Visakhapatnam,1.0,38.0,10.0,9,1691,20.333130326955356,34.779744351923995,345.6676706727213,632.6201843700568,23450.93646117919
Spinach,Visakhapatnam,1.0,38.0,10.0,9,996,26.46225176198063,36.439194620414234,471.2843431392931,768.8137340066472,8696.937009853933
Spinach,Visakhapatnam,1.0,38.0,10.0,9,318,25.511836732923662,33.35641675951299,1268.1563651462966,437.99589208707334,788.424191222035
Spinach,Visakhapatnam,1.0,38.0,10.0,9,637,22.93429720489208,38.147763603603835,2356.550138484123,736.441495344541,6597.986462150726
Spinach,Visakhapatnam,1.0,38.0,10.0,9,1822,27.225381386138867,33.81406961236178,925.2054505658033,302.27796744474097,10777.106530167606
Spinach,Visakhapatnam,1.0,38.0,10.0,9,913,27.958691402404426,38.034480560858704,1279.9964454154333,514.5549795320082,7404.6440767213135
Spinach,Visakhapatnam,1.0,38.0,10.0,9,101,19.010258548071377,34.65834446399456,1407.359287333539,657.5083930664341,-484.41100289173164
Spinach,Visakhapatnam,1.0,38.0,10.0,9,899,21.78772636621514,37.341555258511576,560.0893065594117,381.0483273954134,13041.754540219677
Spinach,Visakhapatnam,1.0,38.0,10.0,9,310,21.40194021548182,35.44272563020369,387.5851667806584,291.7916696289803,3673.2666421541408
Spinach,Visakhapatnam,1.0,38.0,10.0,9,490,20.074471808011918,39.66908113567297,1916.3588545830564,589.7175731164698,7095.282142854388
Spinach,Visakhapatnam,1.0,38.0,10.0,9,666,21.571282845142356,39.50312570456615,610.6379397818068,634.4610905677486,10697.508314026692
Spinach,Visakhapatnam,1.0,38.0,10.0,9,1732,22.892815592783215,37.01383429244373,1351.0326780789792,434.71124648909085,22671.860463243946
Spinach,Visakhapatnam,1.0,38.0,10.0,9,1670,24.25542519961042,33.75932224402428,621.2462424533176,756.6448976976919,14493.616924020142
Spinach,Visakhapatnam,1.0,38.0,10.0,9,1786,25.601181394734574,38.57715098525058,1832.4350847169017,746.8510921919782,20595.7955117527
Spinach,Visakhapatnam,1.0,38.0,10.0,9,716,20.916595077553744,34.68414374815439,1698.4197082957492,349.1704414294484,7809.974698424863
Spinach,Visakhapatnam,1.0,38.0,10.0,9,682,26.502799206970067,37.5349598272839,1514.2599943330263,269.28673679074717,5740.386811930261
Spinach,Visakhapatnam,1.0,38.0,10.0,9,1220,19.342245449366185,34.10487311928732,959.7747045879797,549.9565493544164,16500.674503361384
Spinach,Visakhapatnam,1.0,38.0,10.0,9,155,23.786234303826916,36.29822713997226,1970.4838813304516,598.8659332905811,-629.9909250185037
Tomato,Guntur,30.0,28.0,15.0,3,1955,16.53994227915249,28.28525684063201,696.3490250117624,176.90417961854806,22088.836763062143
Tomato,Guntur,30.0,28.0,15.0,3,1322,16.070102140908013,24.916334741038625,1207.2062720042982,150.59386330122362,10336.91936206715
Tomato,Guntur,30.0,28.0,15.0,3,1085,15.255251016994553,24.112148780089672,1641.5880754058576,268.5626712512213,7699.58332630113
Tomato,Guntur,30.0,28.0,15.0,3,1289,14.298054953492274,26.85474590677108,755.5255834426723,480.78117789947726,14949.267877434235
Tomato,Guntur,30.0,28.0,15.0,3,827,20.250940623365047,23.833863441830278,1364.4924815014851,186.27322069278603,1412.3114686764748
Tomato,Guntur,30.0,28.0,15.0,3,1772,15.479847304365785,24.42433105189718,1554.9008810880116,507.0949431065921,13787.629376431029
Tomato,Guntur,30.0,28.0,15.0,3,1053,18.82915531112137,26.861392683424945,2245.85320071287,487.79527885219164,5724.297473470604
Tomato,Guntur,30.0,28.0,15.0,3,2000,19.96355614693349,27.881670905134712,963.2187308093615,519.5610950103904,14353.449690582689
Tomato,Guntur,30.0,28.0,15.0,3,1652,15.725490941688326,28.055012487198976,1045.4116613301762,766.4437126473019,18556.51421920611
Tomato,Guntur,30.0,28.0,15.0,3,1527,17.498273717004103,27.042205793656503,419.92624036321786,319.8306648429027,13833.827375842098
Tomato,Guntur,30.0,28.0,15.0,3,254,16.506305207455643,25.07107982104052,1936.5914120647342,743.4456217376077,-504.58428195178294
Tomato,Guntur,30.0,28.0,15.0,3,828,18.407894883110476,25.2658061607531,1673.3296213945398,680.5696050996622,3324.4513113938883
Tomato,Guntur,30.0,28.0,15.0,3,1254,15.553858927672005,28.893471448867977,1551.7020632200718,633.5222110271512,14542.649827332527
Tomato,Guntur,30.0,28.0,15.0,3,276,15.222411823805658,27.860622495626572,2051.861459513291,683.0561746230627,753.2285112862182
Tomato,Guntur,30.0,28.0,15.0,3,1835,19.269055120995553,29.069557006416847,1671.0628207496154,619.1391012163223,15693.719037782139
Tomato,Guntur,30.0,28.0,15.0,3,1011,12.944972651439405,27.971020422967516,1281.102199202624,114.01626081253133,13796.215836999767
Tomato,Guntur,30.0,28.0,15.0,3,1241,18.259552330186352,26.32196216037244,1947.7189318928768,349.88770062806475,7707.843966739994
Tomato,Guntur,30.0,28.0,15.0,3,247,14.165926360773387,27.99646884521176,1500.5311313886568,242.8450719826204,1672.767790285
Tomato,Guntur,30.0,28.0,15.0,3,298,16.671391942264982,23.950458862651637,1137.060148084679,174.28790984369684,857.8138843468478
Tomato,Guntur,30.0,28.0,15.0,3,167,18.60705016646186,29.159955062222856,1239.631099792755,432.5702384842043,90.13377931512696
Tomato,Guntur,30.0,28.0,15.0,3,1263,20.681657674986234,26.799553203290415,1660.2397572605337,576.470661258016,5490.191633729628
Tomato,Guntur,30.0,28.0,15.0,3,847,13.636978872806983,24.953488200910986,302.0755135887884,127.48553615406216,9155.522351161238
Tomato,Guntur,30.0,28.0,15.0,3,1580,15.606874034075222,25.66850098754868,1152.9293406458148,196.857740621733,14547.583505220515
Tomato,Guntur,30.0,28.0,15.0,3,229,13.886413800705231,27.87745204908253,1620.5531022190828,611.8754125431626,971.5192441161571
Tomato,Guntur,30.0,28.0,15.0,3,1445,19.78662943686133,26.142430222123522,980.7081487149776,755.7071890974431,7447.716796891451
Tomato,Guntur,25.0,28.0,30.0,4,337,13.17490195763806,28.825424982600886,562.6382249440329,329.48998652007276,4382.098047948366
Tomato,Guntur,25.0,28.0,30.0,4,222,17.758718679975154,25.624617670508915,721.8196782585862,488.848096118742,535.5618015211676
Tomato,Guntur,25.0,28.0,30.0,4,1142,15.456036842903094,28.67003823494816,493.8957481487213,643.7589060460415,13952.7349355207
Tomato,Guntur,25.0,28.0,30.0,4,542,18.315229075605185,25.335074037387525,2120.885428518798,617.9074786202824,1065.9630621469478
Tomato,Guntur,25.0,28.0,30.0,4,1816,17.096921251717916,27.3578107415666,732.2713273036645,248.22210343669366,17653.281882824853
Tomato,Guntur,25.0,28.0,30.0,4,504,18.88333504427498,28.484572988261057,1849.537695105797,750.0178170714469,2239.468411591739
Tomato,Guntur,25.0,28.0,30.0,4,992,16.257329116557912,29.13747264060717,1882.3394412668301,751.115642003785,10143.64729258625
Tomato,Guntur,25.0,28.0,30.0,4,463,13.378804410806266,26.780448099194686,2107.6114535137017,170.96588972890447,3926.383684481232
Tomato,Guntur,25.0,28.0,30.0,4,1062,15.143311077484524,26.781837084149824,1541.7164931154448,520.4082378909952,10297.989888072112
Tomato,Guntur,25.0,28.0,30.0,4,1520,18.54238071136023,27.785956491949317,2276.381605368864,507.880302588208,11265.973278538342
Tomato,Guntur,25.0,28.0,30.0,4,118,20.349871559589246,28.06838752655939,1601.777331563281,234.4163583954412,-925.4088058562456
Tomato,Guntur,25.0,28.0,30.0,4,406,16.692580858144076,23.938683314426445,847.4018594438501,385.52272595509606,1708.9930118516959
Tomato,Guntur,25.0,28.0,30.0,4,1885,15.409317227792073,26.7081510787969,734.6229924926522,663.6220781522637,19900.05673849918
Tomato,Guntur,25.0,28.0,30.0,4,1131,19.105123754692947,25.959099960647357,1414.7087398788062,699.2007524252069,5637.937596630425
Tomato,Guntur,25.0,28.0,30.0,4,1877,14.924734708390993,26.92575862978647,1063.4051379068399,753.0073830886431,20709.509379463823
Tomato,Guntur,25.0,28.0,30.0,4,315,15.857807864397191,25.41212619719021,1894.331759376014,685.4909176058997,429.7875978478878
Tomato,Guntur,25.0,28.0,30.0,4,1824,16.58805965076667,25.683411007913868,2325.1789472256205,108.40211909087778,14156.339809119985
Tomato,Guntur,25.0,28.0,30.0,4,1780,17.837561239462897,24.15339566704706,1014.1401707223554,570.9291903728467,9657.115920004617
Tomato,Guntur,25.0,28.0,30.0,4,1371,14.108638164096806,25.375563482381516,1306.66573095095,432.77009874883765,13707.518781668547
Tomato,Guntur,25.0,28.0,30.0,4,1141,13.229125072816663,24.394497979865815,2142.439543161304,267.87396654461315,10329.376977237167
Tomato,Guntur,25.0,28.0,30.0,4,382,14.744968141922772,28.43666819561261,1131.5868849775368,786.8270911556896,3311.8154443762924
Tomato,Guntur,25.0,28.0,30.0,4,124,13.601367719860816,24.004181884623463,416.03669475687826,683.914875745909,189.99738592778112
Tomato,Guntur,25.0,28.0,30.0,4,576,18.64023521229082,26.86610015073597,2376.311845010412,275.62322157387337,2086.163137960124
Tomato,Guntur,25.0,28.0,30.0,4,786,16.142385987217697,24.02356618235701,1287.9727310967269,504.3291564459936,4402.305745836778
Tomato,Guntur,25.0,28.0,30.0,4,1881,18.091808709445477,25.761112613730027,1657.8830825878078,719.3655629214556,12048.711998449973
Tomato,Guntur,18.0,28.0,25.0,9,408,13.435755218532902,28.092937290387493,2425.803455046009,779.0521196666948,2775.2747106039697
Tomato,Guntur,18.0,28.0,25.0,9,1287,16.939671771575913,25.39376214090621,1437.8607409257647,693.727048795963,8748.826515606368
Tomato,Guntur,18.0,28.0,25.0,9,309,16.42745621529497,26.499297102750823,1967.1084328253476,297.34284891807613,847.7475524804349
Tomato,Guntur,18.0,28.0,25.0,9,932,13.403381846599213,26.14716257687551,549.2591296761889,220.33879040897304,11107.605720532347
Tomato,Guntur,18.0,28.0,25.0,9,211,17.72704926567252,26.859879615587943,849.4371943045815,340.2928423451138,737.2971671824589
Tomato,Guntur,18.0,28.0,25.0,9,189,16.928563579152765,24.37325567366597,1953.8957329025518,734.3634636045971,-1281.2123906441539
Tomato,Guntur,18.0,28.0,25.0,9,1231,20.69495558497121,25.911122536806314,1627.0687366189095,155.8005512310995,4638.232229859004
Tomato,Guntur,18.0,28.0,25.0,9,1096,15.910357283305826,28.565330636678084,1060.8894875455924,124.65062146786644,12684.310686282537
Tomato,Guntur,18.0,28.0,25.0,9,353,19.03731659007908,26.075932604814504,2235.643045471229,554.0780673501552,-305.0896596197799
Tomato,Guntur,18.0,28.0,25.0,9,1453,18.641569119970832,25.32068254899392,995.6732696393261,691.479597548071,8017.598945183148
Tomato,Guntur,18.0,28.0,25.0,9,859,20.234142580821644,28.058240376809902,1788.0764116020132,310.67642374213517,4622.147171409768
Tomato,Guntur,18.0,28.0,25.0,9,1875,13.9008036222621,25.888799079174433,759.881482249029,587.0564768585218,21130.553522603073
Tomato,Guntur,18.0,28.0,25.0,9,1056,12.938804357962995,25.626553423118217,1330.8253881004962,203.5708338765841,11863.866790826834
Tomato,Guntur,18.0,28.0,25.0,9,318,19.71706304368688,24.953631799891422,2394.6104336364324,339.3060381587057,-1068.6876073220947
Tomato,Guntur,18.0,28.0,25.0,9,354,16.17424753788348,26.966329262614213,346.22014536999365,124.10191600132019,3350.074869183366
Tomato,Guntur,18.0,28.0,25.0,9,1725,19.459904042893637,28.757337720762365,490.7544487104085,476.8541714707159,15070.464474142427
Tomato,Guntur,18.0,28.0,25.0,9,1049,17.93027432902881,27.278643404286868,565.6425989726963,783.8758822886358,8456.920678684372
Tomato,Guntur,18.0,28.0,25.0,9,1349,18.911955867262943,29.07147259960665,1788.5579138155142,354.38275239959887,11562.247405716545
Tomato,Guntur,18.0,28.0,25.0,9,1165,16.200611945351667,27.319612153322744,773.3423675729223,539.227529136251,11641.065345577135
Tomato,Guntur,18.0,28.0,25.0,9,1224,20.406989264332893,24.94689349071477,2055.5956774822926,616.9822373778744,2884.264858231254
Tomato,Guntur,18.0,28.0,25.0,9,1896,15.952659243737715,25.1566400824747,747.6735880216876,768.1876896922499,15934.886392531382
Tomato,Guntur,18.0,28.0,25.0,9,962,17.999330273231394,27.8189864836436,2448.55880209302,364.0412477203471,6633.90922460318
Tomato,Guntur,18.0,28.0,25.0,9,1543,17.882532334700674,27.38613218120775,2171.109302322913,618.6084878696524,11874.336772967854
Tomato,Guntur,18.0,28.0,25.0,9,1633,14.43768235065139,25.626834839093217,1963.622915034917,375.6285990957847,15932.634499494801
Tomato,Guntur,18.0,28.0,25.0,9,1548,13.72009352545751,25.158247948864638,941.7255915874892,747.0166969367906,16017.520758909955
Tomato,Guntur,30.0,28.0,18.0,9,1751,15.119406938773757,26.45612852326321,669.6441148238928,348.3581027594721,18832.59727685767
Tomato,Guntur,30.0,28.0,18.0,9,467,20.61313978494772,28.64719883253068,1569.8753606196904,571.8265071974697,1610.2037074040836
Tomato,Guntur,30.0,28.0,18.0,9,1213,17.621587312572718,27.522539547500738,1222.5362969224343,590.768311154989,10196.550452890267
Tomato,Guntur,30.0,28.0,18.0,9,1068,17.516493358008216,25.235912955114074,2354.751543117942,191.74104156300325,5697.847545028111
Tomato,Guntur,30.0,28.0,18.0,9,481,12.922567369541294,25.862200601412745,2453.870049741668,394.5155937980318,3375.577940990468
Tomato,Guntur,30.0,28.0,18.0,9,1733,19.797416937674683,26.414517355089387,1091.383696202593,475.3087703769152,9900.74255680017
Tomato,Guntur,30.0,28.0,18.0,9,1584,19.860676638230174,26.358573201728696,1345.2384028500378,370.23565495628503,8577.19409877534
Tomato,Guntur,30.0,28.0,18.0,9,1543,18.95819233846811,27.659078106776246,2200.0103153177433,797.7664264767762,10427.689998704936
Tomato,Guntur,30.0,28.0,18.0,9,1759,13.177532813948895,26.878416628914543,1217.7614137465446,714.4245834038375,22167.66863337419
Tomato,Guntur,30.0,28.0,18.0,9,1538,14.453985721933117,24.687309008263473,436.85120135652016,675.8920452020444,14626.107967817523
Tomato,Guntur,30.0,28.0,18.0,9,627,16.90596805046688,25.428910383696863,1332.6950523763678,700.5004484622423,3310.6893420965916
Tomato,Guntur,30.0,28.0,18.0,9,513,17.766542890805614,24.7837637597531,1429.0177617616255,600.7667120250587,1570.0498319833769
Tomato,Guntur,30.0,28.0,18.0,9,118,16.5616614676402,25.073896980683823,665.6069991414482,332.9106335572653,5.926157840434371
Tomato,Guntur,30.0,28.0,18.0,9,645,19.492575041066292,23.839995657902172,1304.8073043488487,330.46143073897616,1168.8175627713154
Tomato,Guntur,30.0,28.0,18.0,9,330,20.08557677106548,26.37799008955503,1861.2769557099537,788.5981082464062,-573.378668854808
Tomato,Guntur,30.0,28.0,18.0,9,790,16.981028264852124,24.498025602359753,2415.1119889320057,545.1375359968168,2978.1783717022026
Tomato,Guntur,30.0,28.0,18.0,9,1153,12.930639790485728,23.92234158712273,2003.86832686354,194.103399158685,10475.46044550024
Tomato,Guntur,30.0,28.0,18.0,9,578,16.081030540835357,29.04062634705581,1305.5312503847078,303.1785737607706,5881.9365518499435
Tomato,Guntur,30.0,28.0,18.0,9,1429,12.68831108614989,28.066583408513907,2265.26988633387,402.9879447400206,19307.29331758429
Tomato,Guntur,30.0,28.0,18.0,9,1927,16.60666049798829,25.979568264291256,2252.333977814793,725.7534574689934,15083.505830382033
Tomato,Guntur,30.0,28.0,18.0,9,318,17.766585933723462,28.990682348016843,2416.5286976709735,456.27132829543325,696.4626337788886
Tomato,Guntur,30.0,28.0,18.0,9,1015,17.19735985056335,28.786469308806083,877.9860758348663,430.57394926161095,10454.386075019898
Tomato,Guntur,30.0,28.0,18.0,9,1833,20.59800890344135,28.41241533061731,1859.803324918035,511.3388906305761,11952.66476546492
Tomato,Guntur,30.0,28.0,18.0,9,1549,17.459751272909664,24.262404084997552,639.9458259791418,407.6940592410291,9489.669320703968
Tomato,Guntur,30.0,28.0,18.0,9,1097,13.13676791320634,24.216273809762,553.7981628725486,708.7769263405639,10891.642879308445
